wc_match_id,event_slug,market_type,question,condition_id,yes_token,market_open,kickoff_utc,closed_time,resolved_yes,volume_usd
1,fifwc-mex-rsa-2026-06-11,home,Will Mexico win on 2026-06-11?,0x4cd77d456c83e7d8c569a8fb8f6396c3f40154f657e6d970733e2b1b6a7110ff,20779063998268474490699884714808310289659170477959115489741275295270359962039,2026-04-06T22:46:59.626243Z,2026-06-11T19:00:00Z,2026-06-11 23:32:03+00,1,10340701.03032523
1,fifwc-mex-rsa-2026-06-11,draw,Will Mexico vs. South Africa end in a draw?,0x0a4b9beb6128863db2b107f185521597a426356f1d9a23c7001401edfd32014b,11634144673803325466643188834337300341803737096067092239834760823912726000274,2026-04-06T22:47:07.458256Z,2026-06-11T19:00:00Z,2026-06-11 23:06:33+00,0,1433105.042216997
1,fifwc-mex-rsa-2026-06-11,away,Will South Africa win on 2026-06-11?,0x17dfc75726fa95d4054d91e80295c8b3e494569617e67a7e620e27562b7952b0,115307860962719805060784163204351769077176612029040401546976102705811910754396,2026-04-06T22:47:09.431733Z,2026-06-11T19:00:00Z,2026-06-11 23:06:33+00,0,3279637.5477360315
2,fifwc-kr-cze-2026-06-11,home,Will Korea Republic win on 2026-06-11?,0x7061e7ce4d7744677b6c3a7d1db0f82eb90c342104167386619d75777a6083c1,52684921837049562400037353238223049293166344115053393981883920285480538360105,2026-04-06T22:27:00.246196Z,2026-06-12T02:00:00Z,2026-06-12 06:23:03+00,1,11005658.482559443
2,fifwc-kr-cze-2026-06-11,draw,Will Korea Republic vs. Czechia end in a draw?,0xb3e5963c18d0fbe9285a35e65aa260b304a3cded6aaddab9507122caa33caf44,49396156480688770869378179133906823616889681020710122888263516916801618839975,2026-04-06T22:27:04.328004Z,2026-06-12T02:00:00Z,2026-06-12 05:58:03+00,0,1952709.1204000176
2,fifwc-kr-cze-2026-06-11,away,Will Czechia win on 2026-06-11?,0x293ed83ff451fbfd454eb09985f6707c5c33a30cf79ba98bf45ccf2fa553438f,77191186536909014586922022659322569099273509749066699749214305589630021269429,2026-04-06T22:27:10.454507Z,2026-06-12T02:00:00Z,2026-06-12 05:58:03+00,0,2599645.986043998
3,fifwc-cze-rsa-2026-06-18,home,Will Czechia win on 2026-06-18?,0x825bc4151fd9c139c4f0400c1a6f5d60cf67b2d04f12d69fd9fb5de67b13e4bc,37088846718363125743947103938325144949409419304219830474975395227343762118615,2026-04-06T22:41:31.40597Z,2026-06-18T16:00:00Z,2026-06-18 18:12:05+00,0,23866870.866488546
3,fifwc-cze-rsa-2026-06-18,draw,Will Czechia vs. South Africa end in a draw?,0x0fac1fde9bf271efa6a8bcd382db88003f661f051ee7644c85ff96a6a4b2e57a,25547941541163379167027433013111695108245471419110558598651133766324877924515,2026-04-06T22:41:37.429186Z,2026-06-18T16:00:00Z,2026-06-18 18:17:17+00,1,6102089.1912379945
3,fifwc-cze-rsa-2026-06-18,away,Will South Africa win on 2026-06-18?,0x845d6997f4b60fbcf81e8cac4510bb18988efe56e0318d77e476124c9ce80ce8,29904085738634800807850286108673899231278214025131538572228243310371586316124,2026-04-06T22:41:43.134155Z,2026-06-18T16:00:00Z,2026-06-18 18:11:05+00,0,3358556.7422589813
4,fifwc-mex-kr-2026-06-18,home,Will Mexico win on 2026-06-18?,0x6f05c7bc5ad978f8f9916f05d30a7f752e02b81508c56d82ed7c9245bca163b0,84622337225923971667543390025202237459542894380445135038857655043890030217262,2026-04-06T22:24:28.601021Z,2026-06-19T01:00:00Z,2026-06-19 03:16:17+00,1,12384636.801802278
4,fifwc-mex-kr-2026-06-18,draw,Will Mexico vs. Korea Republic end in a draw?,0x95e8c492f878a1c6b04e47caceee107037a26e4a8b040041b28a3be8eb0f6942,51958120300750633024043231741875227303543295888125840580124643399830654381246,2026-04-06T22:24:32.698457Z,2026-06-19T01:00:00Z,2026-06-19 03:10:16+00,0,3443068.2539399844
4,fifwc-mex-kr-2026-06-18,away,Will Korea Republic win on 2026-06-18?,0xa6ae199ce172475dd0e29d7584810a15a1d4608398d2f42d7ca39bfac45ed52b,40559900670015709472472801511880289852513956415696043408438494025364180866146,2026-04-06T22:24:38.694424Z,2026-06-19T01:00:00Z,2026-06-19 03:08:19+00,0,11984525.580031335
5,fifwc-cze-mex-2026-06-24,home,Will Czechia win on 2026-06-24?,0xb7297ad99cd8e4957c64aca2fbf143efeb7045e95826cf4aa6b327ebfe1f1ec3,75582324068408801617260879555413324403573690501232841899134550992026699982390,2026-04-06T22:31:04.400674Z,2026-06-25T01:00:00Z,2026-06-25 03:09:16+00,0,3327606.323223977
5,fifwc-cze-mex-2026-06-24,draw,Will Czechia vs. Mexico end in a draw?,0x9de91738929365f104420a4246815a47ea2017b17e30370fa4572ceb84d898b9,104735262279610516248406908690291013202167988132813028132950707551552452029652,2026-04-06T22:31:10.424576Z,2026-06-25T01:00:00Z,2026-06-25 03:09:37+00,0,1726774.682267998
5,fifwc-cze-mex-2026-06-24,away,Will Mexico win on 2026-06-24?,0x1f5cd4d1a23c11229b2781303dd39fb60ec6ee369dd173cedef8a7f7a1a27298,67466148034529849001749283892995420841255740280965377423907471965663421834164,2026-04-06T22:31:20.478101Z,2026-06-25T01:00:00Z,2026-06-25 03:14:34+00,1,12546755.069057487
6,fifwc-rsa-kr-2026-06-24,home,Will South Africa win on 2026-06-24?,0xe9b6af2b81a59d36a47915db6f54b6af0e3dd19883382aacc41fe82e43cc2313,58830526078196302612867530222421263708170468828968028907746961007548153805793,2026-04-06T22:38:11.503733Z,2026-06-25T01:00:00Z,2026-06-25 03:18:46+00,1,5584798.580330925
6,fifwc-rsa-kr-2026-06-24,draw,Will South Africa vs. Korea Republic end in a draw?,0x16c51ebf6cea99ba2d958910e743690b40c46c2a426eab1709cd934d8364a96c,103052895473654725211234208718417485025769469987098102360162412805062007216205,2026-04-06T22:38:17.783248Z,2026-06-25T01:00:00Z,2026-06-25 03:10:17+00,0,2326981.615086985
6,fifwc-rsa-kr-2026-06-24,away,Will Korea Republic win on 2026-06-24?,0x374d4c9c12e766653de985450899cf2181edf47189894bc9c870216b5c6b1d83,78041669573197271831143243516603089617333411410934465631182277350983388128942,2026-04-06T22:38:24.203396Z,2026-06-25T01:00:00Z,2026-06-25 03:10:50+00,0,16644052.228769382
7,fifwc-can-bih-2026-06-12,home,Will Canada win on 2026-06-12?,0x802adc7238db42d431521f625b2a367954d04ebf8836109257dd4a3b961c6108,94742454704773778167568688948405770414791647129006368131301932311609594298387,2026-04-06T22:45:19.880247Z,2026-06-12T19:00:00Z,2026-06-12 23:00:03+00,0,10789560.30480742
7,fifwc-can-bih-2026-06-12,draw,Will Canada vs. Bosnia and Herzegovina end in a draw?,0xeda55c7409e9f0f436377ea300db42db6c576277846df770abd1391828dde639,22172667310022772208699373598096867628027942277851933544696144873879741224440,2026-04-06T22:45:23.852528Z,2026-06-12T19:00:00Z,2026-06-12 23:25:27+00,1,1739460.341858996
7,fifwc-can-bih-2026-06-12,away,Will Bosnia and Herzegovina win on 2026-06-12?,0x3bb3f35e86949207b257f1f3288a8ceaf071638cbd10a3c9a8273b4f542d4ee0,74187637053502514449598313026757559914734686113697608141302796666649587118979,2026-04-06T22:45:25.738366Z,2026-06-12T19:00:00Z,2026-06-12 23:00:03+00,0,6168225.7688470185
8,fifwc-qat-che-2026-06-13,home,Will Qatar win on 2026-06-13?,0x415cb64cfa04f2cde4ec39c5a81050cc9fb539b9b6972e72cce16b46e0e33a5b,87801481723150143095656392688212600042782229576502495783917440071310994656016,2026-04-06T22:27:22.915798Z,2026-06-13T19:00:00Z,2026-06-13 23:06:57+00,0,7111085.21857801
8,fifwc-qat-che-2026-06-13,draw,Will Qatar vs. Switzerland end in a draw?,0x639c60e4a74ea30a30b637625813d3fabed195d88072a488f8b7ac6441b930ae,84958042326881081629130565587739718054426374664464529827722909775907948361787,2026-04-06T22:27:26.980521Z,2026-06-13T19:00:00Z,2026-06-13 23:33:27+00,1,2037102.204283972
8,fifwc-qat-che-2026-06-13,away,Will Switzerland win on 2026-06-13?,0x6b864f35765706986a861d22fcc207872062186ddcb5fbc20275e991b20ff6ab,66066640081366099233010777058886646300763486736056057848435195209438713673265,2026-04-06T22:27:34.918597Z,2026-06-13T19:00:00Z,2026-06-13 23:06:57+00,0,6451012.17868902
9,fifwc-che-bih-2026-06-18,home,Will Switzerland win on 2026-06-18?,0x870bb248c96c52dcf35390a66542471c5bba2896942d6bc97ade41a418646ba8,106591280142630626115724651117201657682325101150171422307265130569697670708657,2026-04-06T22:27:40.956818Z,2026-06-18T19:00:00Z,2026-06-18 21:14:46+00,1,7126756.505122047
9,fifwc-che-bih-2026-06-18,draw,Will Switzerland vs. Bosnia and Herzegovina end in a draw?,0x04f0f21d77609ef19ef1c36749a8f522e471802384f484b80de4f789b1a90bb4,32304224949031261019227504618353662335004029148594248531414917789977278987468,2026-04-06T22:27:46.980327Z,2026-06-18T19:00:00Z,2026-06-18 21:09:05+00,0,2205847.6356120175
9,fifwc-che-bih-2026-06-18,away,Will Bosnia and Herzegovina win on 2026-06-18?,0x271f673391000932a03311e9a6ce6152eb4e1a60bda85a9ce7c14e87dadcdfd4,66489726367925595502503158446006075400401621519147621264189323965755835894613,2026-04-06T22:27:56.944526Z,2026-06-18T19:00:00Z,2026-06-18 21:09:05+00,0,2475195.3200010066
10,fifwc-can-qat-2026-06-18,home,Will Canada win on 2026-06-18?,0xc90f95af1a5d4e392fe9cc484f1b1a0983687865e7b85910ae89300c2076e4a1,72434460309427898004674696764153066565237298072408402131497058701161364650505,2026-04-06T22:41:53.177228Z,2026-06-18T22:00:00Z,2026-06-19 00:23:32+00,1,14324374.22380302
10,fifwc-can-qat-2026-06-18,draw,Will Canada vs. Qatar end in a draw?,0x4691465cd4ac73b2fc650d87ba8a4b9cb41dac7d7c74b746b9fefe93803acf9b,20349696283279625969179471671979665049068091025127882278606364235785111743882,2026-04-06T22:42:03.313479Z,2026-06-18T22:00:00Z,2026-06-19 00:17:17+00,0,2453933.700392984
10,fifwc-can-qat-2026-06-18,away,Will Qatar win on 2026-06-18?,0xbbf3d45e340d1b69feb4f8b1078ecd4e79012299766980def72c58e6dc811117,12449312449220028732329011560175624873500857403580896927070982513454645477597,2026-04-06T22:42:10.543564Z,2026-06-18T22:00:00Z,2026-06-19 00:15:08+00,0,3684427.4384670057
11,fifwc-che-can-2026-06-24,home,Will Switzerland win on 2026-06-24?,0xe1953a0f479de0ff3efabb7dff6116ff6cb9d7fe2d7ee6526c5d68da9cf09767,47959944460657228985055674449790383802464381124119024576562949363346901336433,2026-04-06T22:40:00.371791Z,2026-06-24T19:00:00Z,2026-06-24 21:19:47+00,1,9495043.802012082
11,fifwc-che-can-2026-06-24,draw,Will Switzerland vs. Canada end in a draw?,0x10b4a49cc233715e3b2154533c654fcbdcac6c03b3b415611c5c014872e80b3b,37383901604222109615025559390838815185792875162240758491134459674611890551849,2026-04-06T22:40:04.392038Z,2026-06-24T19:00:00Z,2026-06-24 21:08:47+00,0,2629400.8803140204
11,fifwc-che-can-2026-06-24,away,Will Canada win on 2026-06-24?,0xfec117e3f24c0ee72f753bb35c743d6248212998c001b400609858caeb3fcc00,11943790724298456336310029997668350808838445628633810142424962411400618768716,2026-04-06T22:40:08.551837Z,2026-06-24T19:00:00Z,2026-06-24 21:08:47+00,0,3297138.0804799804
12,fifwc-bih-qat-2026-06-24,home,Will Bosnia and Herzegovina win on 2026-06-24?,0xf224cac9c315d3693bbcbd8406460b8052ecc40df364f7e2bc6079c072cfe219,4925888325464503545476254709875431093074337031801188092359865362530954679246,2026-04-06T22:43:43.475091Z,2026-06-24T19:00:00Z,2026-06-24 21:19:47+00,1,6377745.771588955
12,fifwc-bih-qat-2026-06-24,draw,Will Bosnia and Herzegovina vs. Qatar end in a draw?,0x44a0f6adbea52acf0a97b90870a637a0bf577dc09b9b376ea56a0fbe86f68e12,41091023424245040139527172073533600163970138599488326259532662687088517955772,2026-04-06T22:43:55.114621Z,2026-06-24T19:00:00Z,2026-06-24 21:15:16+00,0,1648195.889902996
12,fifwc-bih-qat-2026-06-24,away,Will Qatar win on 2026-06-24?,0x339c300a9cfe452223d315d03c35473063ee904bbf3821741ed2e3ddfc27426d,89402197250849053016718398593367058168289729633872183585442421218420206745943,2026-04-06T22:43:57.475072Z,2026-06-24T19:00:00Z,2026-06-24 21:15:16+00,0,2275574.7971670018
13,fifwc-bra-mar-2026-06-13,home,Will Brazil win on 2026-06-13?,0xa75053ffa630e41fdc08a0885fe0614716ecb13061ac460914bfe498038d5364,105492577477219588134242978490999229511934661984574714868659540712157271273221,2026-04-06T22:24:10.738233Z,2026-06-13T22:00:00Z,2026-06-14 02:06:57+00,0,15381429.4228347
13,fifwc-bra-mar-2026-06-13,draw,Will Brazil vs. Morocco end in a draw?,0xb20f96ba6ccf4555d4e3adcc97a561512ef27af67183b52d32283066d4a81853,28514355574680631350512719849093140985552525989838015190207068633860196282876,2026-04-06T22:24:12.755253Z,2026-06-13T22:00:00Z,2026-06-14 02:32:57+00,1,4766120.346133054
13,fifwc-bra-mar-2026-06-13,away,Will Morocco win on 2026-06-13?,0xa4781f5d97b6fe28ca7a69353b89e3401a9483a4c7bfc2f493c6cca138bd9c82,75153795433255397954364392370254909445351765396945509274877503457182682318715,2026-04-06T22:24:14.818542Z,2026-06-13T22:00:00Z,2026-06-14 02:06:57+00,0,5942379.822132901
14,fifwc-hai-sco-2026-06-13,home,Will Haiti win on 2026-06-13?,0x05a303645ac39405969df3786b6e33c74ec3be9e1779adba11e619a10d1feab0,56618826743104010959172273659413209775316700999254592964223431451553591299446,2026-04-06T22:33:46.007296Z,2026-06-14T01:00:00Z,2026-06-14 05:04:27+00,0,4799390.769881002
14,fifwc-hai-sco-2026-06-13,draw,Will Haiti vs. Scotland end in a draw?,0x2b759e69e6b2f509efebfe969cd26ddf30b84242506ddb5ac1e9a8b36cac22a2,24186604708120375516053204147615433593913499983599603531568767418358336827296,2026-04-06T22:33:50.990934Z,2026-06-14T01:00:00Z,2026-06-14 05:04:27+00,0,2397939.559846993
14,fifwc-hai-sco-2026-06-13,away,Will Scotland win on 2026-06-13?,0x1f2bb0bfc3c7b3c9ab678ce9e89cf68bd6daa83385c4834f669cb00c540276f2,38620007602877950561785055194486422431765048561026651240000808038396318703092,2026-04-06T22:33:52.991422Z,2026-06-14T01:00:00Z,2026-06-14 05:32:43+00,1,17517132.89494811
15,fifwc-sco-mar-2026-06-19,home,Will Scotland win on 2026-06-19?,0x5fac5a47f11802e8a7b82d76e05461bd4551fe199041fb45c5e6228c56532d4a,101256141817216466245038151589296191044974050560393587426784474074655264282404,2026-04-06T22:29:55.016266Z,2026-06-19T22:00:00Z,2026-06-20 00:11:47+00,0,3112927.7595589934
15,fifwc-sco-mar-2026-06-19,draw,Will Scotland vs. Morocco end in a draw?,0x577cffeb67b4b292a9f8e29b967e5de1c409333fabb752cf5057768c5e900422,109269497217299502116676395480596041754607662236964061073622120751625474742107,2026-04-06T22:30:03.053851Z,2026-06-19T22:00:00Z,2026-06-20 00:11:47+00,0,1594689.5910989924
15,fifwc-sco-mar-2026-06-19,away,Will Morocco win on 2026-06-19?,0xbc28e92d1fa999e842caf926cff56a580fb477f26d8c44c99aa29beb78062241,40791250908933508853723465614961035896557737979546129504169818299128524475478,2026-04-06T22:30:08.192975Z,2026-06-19T22:00:00Z,2026-06-20 00:16:10+00,1,16880499.15083813
16,fifwc-bra-hai-2026-06-19,home,Will Brazil win on 2026-06-19?,0xc90381f6021b8dc8d07dd3d783d3927f34706f8ce1ed097b21cc92f31b5be076,103041090730063233481678246468943921262520375914356653176409396265510672924686,2026-04-06T22:31:24.681461Z,2026-06-20T00:30:00Z,2026-06-20 02:47:17+00,1,8523406.23501897
16,fifwc-bra-hai-2026-06-19,draw,Will Brazil vs. Haiti end in a draw?,0xd414a4bdb4c86f835fb31e432ab3ea15e374fe7f39b6b0a224c7a521378967ea,44654769333046528346139965331873489889567163297280225286353492828529494504482,2026-04-06T22:31:33.286626Z,2026-06-20T00:30:00Z,2026-06-20 02:43:49+00,0,2105203.810441997
16,fifwc-bra-hai-2026-06-19,away,Will Haiti win on 2026-06-19?,0xc7a9f8cf846f6eba833fc69da7340af7c150e6cf72fc9501507a4431bbcde19e,103635844992876723144379951385842243916752648056505794536281053774467895997557,2026-04-06T22:31:39.348515Z,2026-06-20T00:30:00Z,2026-06-20 02:43:49+00,0,4595492.302914978
17,fifwc-sco-bra-2026-06-24,home,Will Scotland win on 2026-06-24?,0x15ae32bb6f46f35220af9e623242dbcafffc965770a298316699a6ac2bb11b56,47270884544902187710532732045488098581735089212206395717548237797985049565017,2026-04-06T22:40:19.289969Z,2026-06-24T22:00:00Z,2026-06-25 00:19:50+00,0,2735212.6843849923
17,fifwc-sco-bra-2026-06-24,draw,Will Scotland vs. Brazil end in a draw?,0xa46926b0bdef66209285cddc3a0fa99e371cccd7459a39693ae7ab76f38d80e7,54309860001036020325260313945791541663708085536541558286760328646880884748167,2026-04-06T22:40:23.336054Z,2026-06-24T22:00:00Z,2026-06-25 00:19:50+00,0,1427203.8803529954
17,fifwc-sco-bra-2026-06-24,away,Will Brazil win on 2026-06-24?,0xd14544ac7360f37de17eb6a442694de21a8c5ea01714323be6409b002c4d7d7d,52345319584298671384241333674201063268836142597903677481641810116870044724915,2026-04-06T22:40:31.315846Z,2026-06-24T22:00:00Z,2026-06-25 00:30:16+00,1,7707332.210679964
18,fifwc-mar-hai-2026-06-24,home,Will Morocco win on 2026-06-24?,0x649bd3dc845f647aa8c9a739ad8de245b853224961afd01127de0071c13f84b3,42374815657442465500075937904016131801776204492796944288908751005433960581826,2026-04-06T22:56:32.859811Z,2026-06-24T22:00:00Z,2026-06-25 00:19:16+00,1,18844769.047732238
18,fifwc-mar-hai-2026-06-24,draw,Will Morocco vs. Haiti end in a draw?,0x6fcd127dbe2c45255d6b201b1b250c69dbf940de0fe80b4e40e23822c963443d,68776813465861057429364788692653606338774440682215453744115148189876641784361,2026-04-06T22:56:38.094512Z,2026-06-24T22:00:00Z,2026-06-25 00:13:37+00,0,3152065.882678962
18,fifwc-mar-hai-2026-06-24,away,Will Haiti win on 2026-06-24?,0x060f4b969fc1f6b09682c1e7d9ae218273fe3f197977d1db22ccea01f42d895b,16734149502738704359673067089022355535903790350570508474097898646900570148376,2026-04-06T22:56:46.911849Z,2026-06-24T22:00:00Z,2026-06-25 00:13:37+00,0,5424218.267011964
19,fifwc-usa-par-2026-06-12,home,Will United States win on 2026-06-12?,0x26c10c27cde58e2d6214d65ab562d8142d34723b3b6ec3f40836d24f6d22dfc9,1053697017401072331517873943000159665286188444438499834342450614809920055961,2026-04-06T22:23:11.306614Z,2026-06-13T01:00:00Z,2026-06-13 05:49:27+00,1,27745325.144072264
19,fifwc-usa-par-2026-06-12,draw,Will United States vs. Paraguay end in a draw?,0x3774cdf17e49143a4f6e10812df8b06113731493842fccc52dea045a1744ae61,21443346281887816581515410030230333606155013108124688608906518902705450285763,2026-04-06T22:23:14.335818Z,2026-06-13T01:00:00Z,2026-06-13 05:05:27+00,0,5433133.000561047
19,fifwc-usa-par-2026-06-12,away,Will Paraguay win on 2026-06-12?,0x86f102a31cf4b12dbcf31ae8c62c526c0b538d5b7eb1af5947d0b0378522f926,61818169216515152409825014521551448207788109103141434403938162619298245828983,2026-04-06T22:23:22.363663Z,2026-06-13T01:00:00Z,2026-06-13 05:05:27+00,0,6135767.626247993
20,fifwc-aus-tur-2026-06-14,home,Will Australia win on 2026-06-14?,0xaaee502e7f2378521ba15c183e2762cecab013dd42f7600f7b35e99e0882f08c,45307929350007847491024268648960623527752242214197163455465935647967776740420,2026-04-06T22:28:02.973524Z,2026-06-14T04:00:00Z,2026-06-14 08:26:27+00,1,3932454.874610917
20,fifwc-aus-tur-2026-06-14,draw,Will Australia vs. Türkiye end in a draw?,0x12c17c04d2e404bd85a8c65c04cd7e8799a6295c7f74414feec5e867fa40cc5a,6662878441952849446233566648423545530864333832885592059537972358106179673000,2026-04-06T22:28:10.786454Z,2026-06-14T04:00:00Z,2026-06-14 07:59:27+00,0,2234461.1001110044
20,fifwc-aus-tur-2026-06-14,away,Will Türkiye win on 2026-06-14?,0x48880e3355f031da13b5ed1142d209396bdec61acf6c0945234ff6e5edab9ebf,75303319363351541204962251598715680468515536085970822119844634963431663113508,2026-04-06T22:28:19.014875Z,2026-06-14T04:00:00Z,2026-06-14 07:59:27+00,0,15897492.422452303
21,fifwc-usa-aus-2026-06-19,home,Will United States win on 2026-06-19?,0x7ebb07134794576c154f06fbaa1cc61a5292d58e280ce98207977771c0326c27,39108014906147153132558864303811863989716119429482110734018531773663181557097,2026-04-06T22:29:35.086944Z,2026-06-19T19:00:00Z,2026-06-19 21:25:16+00,1,13451120.520932108
21,fifwc-usa-aus-2026-06-19,draw,Will United States vs. Australia end in a draw?,0xffa05800960fb8b1532c0f3f99f51b4996c9b447b0b195635e644e071e4b63e7,14729379386817258537354006783786102068178286988322042272817558435233867171838,2026-04-06T22:29:48.932541Z,2026-06-19T19:00:00Z,2026-06-19 21:25:34+00,0,2505603.654689007
21,fifwc-usa-aus-2026-06-19,away,Will Australia win on 2026-06-19?,0xb1fca83dd9b3046c8db3ae0de2c8d56ee5d17d3aad54b7bbfa5c65000f6df350,63278746552959073436363985715772152424855372958904540749550690656971780048497,2026-04-06T22:29:53.129585Z,2026-06-19T19:00:00Z,2026-06-19 21:16:47+00,0,5959712.344409044
22,fifwc-tur-par-2026-06-19,home,Will Türkiye win on 2026-06-19?,0x7bed81b0bd1cbe7cae0ad49fcf2d9e068d1ea2da49a36e638712daa55712a184,28938745417558857896442238911870725474349404919267969141124175484009211562921,2026-04-06T22:25:06.577999Z,2026-06-20T03:00:00Z,2026-06-20 05:19:40+00,0,25033864.729953494
22,fifwc-tur-par-2026-06-19,draw,Will Türkiye vs. Paraguay end in a draw?,0xb1a0254ee2dfe4fc6bb05e521cd068d463245f3763cac6ed3c464d6499a8cc07,32119774861601767809867283650069946484685075980505835201995035137150231372345,2026-04-06T22:25:10.601447Z,2026-06-20T03:00:00Z,2026-06-20 05:19:40+00,0,1983967.7504359866
22,fifwc-tur-par-2026-06-19,away,Will Paraguay win on 2026-06-19?,0x4a2085d9d7302a081b64016124cf1981a5bcb1118392c9d645f1abb57ea14d65,71048226321294851841817266819205234468444418485834628185639241813564580583954,2026-04-06T22:25:22.475945Z,2026-06-20T03:00:00Z,2026-06-20 05:21:49+00,1,5619954.104299974
23,fifwc-tur-usa-2026-06-25,home,Will Türkiye win on 2026-06-25?,0x81cef42df3d25aecf0bf7e96c344202e86f447f2f3ba2e4b8eb59f4680efeb22,23905785647225133250068955131316534532801742215919018709867564550696854194755,2026-04-06T22:31:45.292028Z,2026-06-26T02:00:00Z,2026-06-26 04:22:38+00,1,7603363.7921550535
23,fifwc-tur-usa-2026-06-25,draw,Will Türkiye vs. United States end in a draw?,0xdc34b1a1507fb269c41fb4750880a7774d396f00b76e95c5746c9fe454e6085c,84455986553231783484004493796796163763072739538940527173028153992346042419876,2026-04-06T22:31:56.427541Z,2026-06-26T02:00:00Z,2026-06-26 04:18:55+00,0,3410765.293446993
23,fifwc-tur-usa-2026-06-25,away,Will United States win on 2026-06-25?,0x32552863fe8014da2613037970661f0d49f415c86a88cb3d65af7a43395bc4ad,47236739815607347436394828740644657912816815268002585518946427187074399713739,2026-04-06T22:32:00.518257Z,2026-06-26T02:00:00Z,2026-06-26 04:18:55+00,0,36081118.38206247
24,fifwc-par-aus-2026-06-25,home,Will Paraguay win on 2026-06-25?,0x75d91cd268cec8d688b8a7e543b149700bf45d9f62e9fffa479b18f19a60a63e,49296719184627637111102906756410924588753297305614598618877406701338912319300,2026-04-06T22:37:25.89372Z,2026-06-26T02:00:00Z,2026-06-26 04:10:37+00,0,3856500.5198549745
24,fifwc-par-aus-2026-06-25,draw,Will Paraguay vs. Australia end in a draw?,0x73cdf481e0d213e3ad3b2c096ad9dfea604b6587900419d0a214aac966c68988,37005314859048726898779825465316653816506760625587636277026357315052111971182,2026-04-06T22:37:29.781537Z,2026-06-26T02:00:00Z,2026-06-26 04:14:52+00,1,3858748.7534999955
24,fifwc-par-aus-2026-06-25,away,Will Australia win on 2026-06-25?,0x65d30f3d41bbab278c2108ab0883d7ae1a9fac97a2086542a975d885a9c72dba,21990437237634439641535931317392242133464382121486985420713435551817663743535,2026-04-06T22:37:36.515097Z,2026-06-26T02:00:00Z,2026-06-26 04:10:37+00,0,4724579.781476011
25,fifwc-ger-kor-2026-06-14,home,Will Germany win on 2026-06-14?,0x00cf3efc18a950cf442049aa0770903f0ab8606212499e0e4196bf74c102c456,80258038883060787104700033663206548991173635281684057844048254140005841868705,2026-04-06T22:47:19.330266Z,2026-06-14T17:00:00Z,2026-06-14 21:29:57+00,1,6860608.394732029
25,fifwc-ger-kor-2026-06-14,draw,Will Germany vs. Curaçao end in a draw?,0x18f73aca12019d3fc2a03e7af28f6ebcec12634413819605d7cfa3db20073f26,43065699114218738643061430368238869232700747238329067809024727726995177258597,2026-04-06T22:47:27.348152Z,2026-06-14T17:00:00Z,2026-06-14 21:00:57+00,0,5649949.747098044
25,fifwc-ger-kor-2026-06-14,away,Will Curaçao win on 2026-06-14?,0x0fe5bb2f2da60b0bcb4855dc0cc3101dd1028f6639479bdeefecacb0102869a8,84520506461080918199836241264297202134105253634264892405638380867421157597093,2026-04-06T22:47:29.602448Z,2026-06-14T17:00:00Z,2026-06-14 21:00:57+00,0,13022834.40429326
26,fifwc-civ-ecu-2026-06-14,home,Will Côte d'Ivoire win on 2026-06-14?,0x8f92746709a4fc82f4d454e162046ac3590e3a5a7564540806a6c5f8a87e6738,97954339861337592198517897825570585108397895633529524888621528267394350049120,2026-04-06T22:32:30.852268Z,2026-06-14T23:00:00Z,2026-06-15 03:31:27+00,1,5999811.041706935
26,fifwc-civ-ecu-2026-06-14,draw,Will Côte d'Ivoire vs. Ecuador end in a draw?,0xa6c938b3402538af5faa626dc882bd7995db132df1c4ea669db7841df3557678,51076507708274140524034686501213174543010993864036676754773732528820025061669,2026-04-06T22:32:40.635084Z,2026-06-14T23:00:00Z,2026-06-15 03:06:57+00,0,2728063.463189995
26,fifwc-civ-ecu-2026-06-14,away,Will Ecuador win on 2026-06-14?,0x3150ba668d15e1c248c71bcff71c67f1adf87063db7047f27f15ebbc9a1a6a0d,28508563298912772074214719307109307518904085025750423135797235005006783326548,2026-04-06T22:32:42.579934Z,2026-06-14T23:00:00Z,2026-06-15 03:06:57+00,0,7355659.3151120655
27,fifwc-ger-civ-2026-06-20,home,Will Germany win on 2026-06-20?,0x232342e2a9200b203703a816f9d99d1c6a872333567af16f43d67a255e1a6aa8,110881534500357968934646596900153818247967390745149544995654778360419076918150,2026-04-06T22:28:52.746942Z,2026-06-20T20:00:00Z,2026-06-20 22:26:04+00,1,31040324.64426019
27,fifwc-ger-civ-2026-06-20,draw,Will Germany vs. Côte d'Ivoire end in a draw?,0x2b4abd4c4f6336b33cdaf7aa65430ef1f4afe7122d1678b1f3d022b4357cdbf5,107928370782866384352393308470448074487232209143841431481520161337861243389626,2026-04-06T22:28:58.90838Z,2026-06-20T20:00:00Z,2026-06-20 22:14:50+00,0,4709149.469871984
27,fifwc-ger-civ-2026-06-20,away,Will Côte d'Ivoire win on 2026-06-20?,0xd9a23115df9698780e32b300739bcacadc9395e826d1b4c4608d404175d7ccea,34949477535476026489714414939200175816336848313521000211837354783838790884040,2026-04-06T22:29:04.979035Z,2026-06-20T20:00:00Z,2026-06-20 22:17:17+00,0,6769898.321413081
28,fifwc-ecu-kor-2026-06-20,home,Will Ecuador win on 2026-06-20?,0xa90ce8b69a218dced329076162df3b79f99596d1dc71d93bd30a64a2c8b6ba3e,7079595983448256774998692261246256964535880004732387005017898482275441988994,2026-04-06T22:35:58.695764Z,2026-06-21T00:00:00Z,2026-06-21 02:08:20+00,0,7118457.521967039
28,fifwc-ecu-kor-2026-06-20,draw,Will Ecuador vs. Curaçao end in a draw?,0xa6cd933c6cc3487b1a8505ecfad35d38428cbc9e3df01cc81fa10219b8724d25,76080209269268194960994324761022940023118517246399247746844169234710576675814,2026-04-06T22:36:02.726018Z,2026-06-21T00:00:00Z,2026-06-21 02:11:16+00,1,3523054.3337200154
28,fifwc-ecu-kor-2026-06-20,away,Will Curaçao win on 2026-06-20?,0x9e030ad2c9ecc0037a1056f1641d913bddd5c7b26c100267fb8b22a4fb64936e,22922754856620040574706795332414925251832240378503831196222537952159137725220,2026-04-06T22:36:08.66984Z,2026-06-21T00:00:00Z,2026-06-21 02:08:20+00,0,7574775.76100501
29,fifwc-kor-civ-2026-06-25,home,Will Curaçao win on 2026-06-25?,0x5f4340be34f9f45e76f28390111c349b343b6072a0953101fb78ec98e1ad3e90,19148172802481517881692352905829372357755800754194043495831127988905408662349,2026-04-06T22:49:02.648301Z,2026-06-25T20:00:00Z,2026-06-25 22:09:35+00,0,2778359.8264029967
29,fifwc-kor-civ-2026-06-25,draw,Will Curaçao vs. Côte d'Ivoire end in a draw?,0x9a07caaff2c446ef13f2ef28c15e788cbf52be21aec37178aa26927952fb32f4,100613082629822213553264871806294534405119465896030760287440778049574323720676,2026-04-06T22:49:10.589986Z,2026-06-25T20:00:00Z,2026-06-25 22:08:53+00,0,1137005.5362000018
29,fifwc-kor-civ-2026-06-25,away,Will Côte d'Ivoire win on 2026-06-25?,0x8ca66a3012273cbadf1339f2b3c53cbeaf977d61a2f3f97495fd056afc0691f8,112165227742342790816614520312092947420861337398279265432656445292580690894446,2026-04-06T22:49:20.738807Z,2026-06-25T20:00:00Z,2026-06-25 22:12:53+00,1,2577798.6223319895
30,fifwc-ecu-ger-2026-06-25,home,Will Ecuador win on 2026-06-25?,0x44e25f753ae47dbdf2705d35e0a45db24d3a1b2996b82a1350ade2c7e92c4f93,14621976022388339155866443939403907158807725281606484508612016632018100973573,2026-04-06T22:47:43.408987Z,2026-06-25T20:00:00Z,2026-06-25 22:16:04+00,1,10670888.380003048
30,fifwc-ecu-ger-2026-06-25,draw,Will Ecuador vs. Germany end in a draw?,0x6257ac3bdd0b512bd6470c21d5dc99ed12ef42b5fd9ad6078fad24d351ebda5c,9059650700126795019827485089957938050581213031053374092199507389736394347163,2026-04-06T22:47:47.484662Z,2026-06-25T20:00:00Z,2026-06-25 22:12:34+00,0,3596428.703326012
30,fifwc-ecu-ger-2026-06-25,away,Will Germany win on 2026-06-25?,0xe690620297dfea974d20df84b4cf90460e46a26ec864353482717b90509a3c0b,101279272797775203956659007084828831261331275405585994446661991301016814257223,2026-04-06T22:47:53.324839Z,2026-06-25T20:00:00Z,2026-06-25 22:13:55+00,0,25829443.2331225
31,fifwc-nld-jpn-2026-06-14,home,Will Netherlands win on 2026-06-14?,0x2153377bdb8920a0d3227e9a2a68ddb9a001025918b695fe55f66677836e62c6,46118045327286643463479614908512136607324773588723756546332480247027286666715,2026-04-06T22:42:41.256305Z,2026-06-14T20:00:00Z,2026-06-15 00:22:16+00,0,19893698.639120743
31,fifwc-nld-jpn-2026-06-14,draw,Will Netherlands vs. Japan end in a draw?,0x6bb8b2483eccb8fcae84cd42fd7d8e5e394689e0a06f95b189a77b4819cf0173,45105978043736940399020460688923720821814878879331783138334562105702459648812,2026-04-06T22:42:44.416412Z,2026-06-14T20:00:00Z,2026-06-15 00:29:57+00,1,2875360.622415916
31,fifwc-nld-jpn-2026-06-14,away,Will Japan win on 2026-06-14?,0x51fc7cfdaee135d6d0bed053e5fcd3652954414d9b9f4eef5dce2e9ea717f161,51849195089345361433940393336005306019563641384117823557920274041538875387918,2026-04-06T22:42:50.396364Z,2026-06-14T20:00:00Z,2026-06-15 00:22:16+00,0,5643878.178089969
32,fifwc-swe-tun-2026-06-14,home,Will Sweden win on 2026-06-14?,0xc6f7e4a015ec643eb49c749da19553a2257add76278a252805a12dfa85103269,77891685052397355147816140430897431230743681776824155461036740561521945442239,2026-04-06T22:23:41.135882Z,2026-06-15T02:00:00Z,2026-06-15 06:26:27+00,1,18760216.76957973
32,fifwc-swe-tun-2026-06-14,draw,Will Sweden vs. Tunisia end in a draw?,0x11e4780f48d73417a4863618e288e78c8848e2ef4f744dca4cabdff154af5e3c,59191041992708759461556734329410471789809724249248263993334423672893905512717,2026-04-06T22:23:42.957156Z,2026-06-15T02:00:00Z,2026-06-15 05:58:57+00,0,962086.722304998
32,fifwc-swe-tun-2026-06-14,away,Will Tunisia win on 2026-06-14?,0xb5e6e5829c986107aebc5b4b18429b007a813f2b5ca860993020f27ef9f0e080,83899205056028320634506792090435502639229370708908873019388029731945043477417,2026-04-06T22:23:46.714259Z,2026-06-15T02:00:00Z,2026-06-15 05:58:57+00,0,2120638.706540993
33,fifwc-nld-swe-2026-06-20,home,Will Netherlands win on 2026-06-20?,0xde92d563a6d742a4750c8c83a9c490ee5b02bd5d972a1765ab41c0f9095ef6c0,81043398291360463170235957547610256181022662944963722274721633505163503937838,2026-04-06T22:46:09.675871Z,2026-06-20T17:00:00Z,2026-06-20 19:16:05+00,1,14904080.953970106
33,fifwc-nld-swe-2026-06-20,draw,Will Netherlands vs. Sweden end in a draw?,0x28c19c840bd010dc279a8f14a417a9389c18801b271b407d7634425e8305de0b,76430088308493460494891335845203272510723451292248221729565378437032576762940,2026-04-06T22:46:13.679656Z,2026-06-20T17:00:00Z,2026-06-20 19:09:05+00,0,3295588.2991540185
33,fifwc-nld-swe-2026-06-20,away,Will Sweden win on 2026-06-20?,0xfd2cd91be3b1215099cea2512b3c98c3e2da290064dfc0ca815d4e315fb6fdf9,40679081595356904709519473256184794013741938720159613262750624703767617499056,2026-04-06T22:46:21.874211Z,2026-06-20T17:00:00Z,2026-06-20 19:14:25+00,0,4168017.2895409954
34,fifwc-tun-jpn-2026-06-21,home,Will Tunisia win on 2026-06-21?,0x4c848328019296227bc205bb575cde555ed13f6fe5159e3f72636b4afd79dccd,62516949205730668430138255140150438665483187962069999240136080804116109915287,2026-04-06T22:40:43.476465Z,2026-06-21T04:00:00Z,2026-06-21 06:09:52+00,0,3609728.4661369794
34,fifwc-tun-jpn-2026-06-21,draw,Will Tunisia vs. Japan end in a draw?,0x264e6793ab225b8fd861f13934ee8a826a864116e1dd727b38a65e2f7cd3f67c,50275383633644719253389412495747849486228904621414058936414415835809185820411,2026-04-06T22:40:48.528064Z,2026-06-21T04:00:00Z,2026-06-21 06:09:52+00,0,4276544.923524966
34,fifwc-tun-jpn-2026-06-21,away,Will Japan win on 2026-06-21?,0x051e0ea5b3c394114eacf8ce5e944ca63cbb6ccdef1d086cadc5dd129a3804e6,91234906493805354217250440222911012200186057450151286874925972448339630680686,2026-04-06T22:40:58.48842Z,2026-06-21T04:00:00Z,2026-06-21 06:15:40+00,1,14280617.889725218
35,fifwc-jpn-swe-2026-06-25,home,Will Japan win on 2026-06-25?,0xe1bd581c13be7103749ca1a64d21230ed6693a162fc057d81e3d1e9237fc81f8,101491499269793539765890729500440478078979559571972876836355209033272846559170,2026-04-06T22:26:39.091486Z,2026-06-25T23:00:00Z,2026-06-26 01:10:41+00,0,29397547.75841289
35,fifwc-jpn-swe-2026-06-25,draw,Will Japan vs. Sweden end in a draw?,0x9e9014ddc6e6386e9bbd6bb8e6bd0049094ebaa3fa2eabf51055b2439c08a075,103921367649237605886104535173979078531662655072769163320410011491550422861515,2026-04-06T22:26:44.279088Z,2026-06-25T23:00:00Z,2026-06-26 01:13:08+00,1,3482642.8786989795
35,fifwc-jpn-swe-2026-06-25,away,Will Sweden win on 2026-06-25?,0x8f0238f109028445232328dce2ff342cb92207a4e9e0e0dda195f1644655b2ab,12789581828610654936852030631608949195058761081844775016106587060501098784149,2026-04-06T22:26:50.402566Z,2026-06-25T23:00:00Z,2026-06-26 01:10:41+00,0,6850997.483982988
36,fifwc-tun-nld-2026-06-25,home,Will Tunisia win on 2026-06-25?,0xbb8523862374b3edc90cb813b125bd30e8e27030be53fcf40d1f76152339f8d0,98721981590572841910847700506915134910696602397328529619763154982886944471014,2026-04-06T22:54:09.122412Z,2026-06-25T23:00:00Z,2026-06-26 01:08:34+00,0,2607950.2909990023
36,fifwc-tun-nld-2026-06-25,draw,Will Tunisia vs. Netherlands end in a draw?,0x964314cfa3bbe2b74e99f1973135a7678ba86ad048116b1a9846a9fa8cde646f,26955252857582298749666469746136063544098108020808079857285492441529135677527,2026-04-06T22:54:09.375191Z,2026-06-25T23:00:00Z,2026-06-26 01:07:56+00,0,1911479.3279140068
36,fifwc-tun-nld-2026-06-25,away,Will Netherlands win on 2026-06-25?,0xa3150402afe114c762bcd2e5581dc4d0fe93560718640d8d490e0497350de5ad,28763246044322995220208532073700111687599343514604674596345286876678085708461,2026-04-06T22:54:14.675186Z,2026-06-25T23:00:00Z,2026-06-26 01:10:38+00,1,5644282.856533998
37,fifwc-bel-egy-2026-06-15,home,Will Belgium win on 2026-06-15?,0x3ceb5b631318be5000758200590efe2b308a581d6787c3e7bc050bfd8f627627,5699266164849713169703648234886411053444418385408086203990916861286572010447,2026-04-06T22:30:42.882409Z,2026-06-15T19:00:00Z,2026-06-16 01:53:27+00,0,29529221.83360376
37,fifwc-bel-egy-2026-06-15,draw,Will Belgium vs. Egypt end in a draw?,0x36f93dcdb75e18f9dd7f4bd4f976dd901562e6f779a86c8ac847f154e37e69d2,11945055302217621784910045410746746975726300882345977028546086393834748493487,2026-04-06T22:30:48.747961Z,2026-06-15T19:00:00Z,2026-06-16 08:35:27+00,1,2943889.937848106
37,fifwc-bel-egy-2026-06-15,away,Will Egypt win on 2026-06-15?,0x3f9bec31cf8e8550470626fbd15382e20a18e46af27358cad575a5ef5bf660de,71175597030142754954710752283935666239163672397586595724135510152247112429550,2026-04-06T22:30:55.682211Z,2026-06-15T19:00:00Z,2026-06-15 23:00:27+00,0,3524148.3798859413
38,fifwc-irn-nzl-2026-06-15,home,Will IR Iran win on 2026-06-15?,0xe70fd51f42e61fc309d8e57019a7b76c8dc7bd19b473351d56ff1e125ae0d9d4,98258440478094610167729510800284333090952142769785486649204893493792445830714,2026-04-06T22:35:36.542213Z,2026-06-16T01:00:00Z,2026-06-16 03:22:16+00,0,26085380.534743734
38,fifwc-irn-nzl-2026-06-15,draw,Will IR Iran vs. New Zealand end in a draw?,0xcd05a73f2ddf6c07340b4f1c6c853c4754b2f4428045fec1b295c192e399e563,81680331983186046997381955280648457847630354885398475637844800869325464253779,2026-04-06T22:35:40.479633Z,2026-06-16T01:00:00Z,2026-06-16 03:30:27+00,1,3425748.3906150074
38,fifwc-irn-nzl-2026-06-15,away,Will New Zealand win on 2026-06-15?,0x4d32282db59ec449edbc191b4b487b7f8218c07d6f94b0c01e2e7ddf6964c26d,55137687241393541361565001012865874102902217097342494894791514463933071353645,2026-04-06T22:35:49.432356Z,2026-06-16T01:00:00Z,2026-06-16 03:15:15+00,0,3238975.206079981
39,fifwc-bel-irn-2026-06-21,home,Will Belgium win on 2026-06-21?,0xebb200cb08bbe89c2523a345947d083a992e27cc479cf1b5568407751e026d2c,73247571006255574285385183553023235681702880602976519365262465179094676130340,2026-04-06T22:34:48.631533Z,2026-06-21T19:00:00Z,2026-06-21 21:17:49+00,0,18080948.748315174
39,fifwc-bel-irn-2026-06-21,draw,Will Belgium vs. IR Iran end in a draw?,0x11e878643f63c75e36d58024033ae710c19e696f652fa05ba705ab019402a633,65206879169809471684171181962606426355936771076631263853333189016369249957120,2026-04-06T22:35:03.345339Z,2026-06-21T19:00:00Z,2026-06-21 21:26:34+00,1,3483853.4819819815
39,fifwc-bel-irn-2026-06-21,away,Will IR Iran win on 2026-06-21?,0xc4a229b06046a4a30d9b5cd73fc6364f6b7cdc48efc33bfc6b24a2806aa93f30,107259278816298402654822103861927486042412499982187590917424237525323082866574,2026-04-06T22:35:05.473828Z,2026-06-21T19:00:00Z,2026-06-21 21:17:49+00,0,5451862.159343886
40,fifwc-nzl-egy-2026-06-21,home,Will New Zealand win on 2026-06-21?,0x3a3de929cb6fb7a4eff6aeae1b515895de1e358ed9a2adc24eb04862251d132d,33714788520669769280954321212574588471029548850737990640617719122550413982550,2026-04-06T22:49:53.10865Z,2026-06-22T01:00:00Z,2026-06-22 03:12:34+00,0,5384350.998900879
40,fifwc-nzl-egy-2026-06-21,draw,Will New Zealand vs. Egypt end in a draw?,0x0f8de21a80996a54ced1327cbf4e0702d417e1f49ec6ebe267bc5664c7f36d90,106573441938278169951840270152617513270375496735835936558802812191575117517631,2026-04-06T22:49:59.103514Z,2026-06-22T01:00:00Z,2026-06-22 03:12:34+00,0,3226561.354313058
40,fifwc-nzl-egy-2026-06-21,away,Will Egypt win on 2026-06-21?,0x16c981b47490212bbb7d70edcccc419a84ff5771bc85c1b7abae37128975953e,13689393741027779813840434297856122590360803048059505899834082936957632248186,2026-04-06T22:50:05.508475Z,2026-06-22T01:00:00Z,2026-06-22 03:18:16+00,1,16909396.870261263
41,fifwc-egy-irn-2026-06-26,home,Will Egypt win on 2026-06-26?,0x9623b379f3e25ffa6206f8bc7aedeecd67580944645151350e06cb3efd95c090,75595072506593093609125758283657089382220899252356081539276899905086401333602,2026-04-06T22:55:48.40433Z,2026-06-27T03:00:00Z,2026-06-27 05:21:25+00,0,9220844.175980058
41,fifwc-egy-irn-2026-06-26,draw,Will Egypt vs. IR Iran end in a draw?,0x2afe86f96be81a0d89ed776bedbd52d1c75bc47b49e6f0f791ddd009f52faf23,78120279705291218158294867165496451864789831831028096964508511026890389826312,2026-04-06T22:55:56.352036Z,2026-06-27T03:00:00Z,2026-06-27 05:31:49+00,1,4303891.066114962
41,fifwc-egy-irn-2026-06-26,away,Will IR Iran win on 2026-06-26?,0x3984132d5d0c5be60bc0ad1dff63e44197b5f39a6135329490a0a75c0a372f06,34787355244902293604560127433609469815330269379035336530397136777594424715528,2026-04-06T22:56:05.202917Z,2026-06-27T03:00:00Z,2026-06-27 05:21:25+00,0,4091220.4654709804
42,fifwc-nzl-bel-2026-06-26,home,Will New Zealand win on 2026-06-26?,0x6c3c1eb9055cf4ff809b8d4f26a8ef56e11e17c184da687353927de474615746,51519876214140449660166550584440656906007152566889523395451234960389805633766,2026-04-06T22:44:47.677608Z,2026-06-27T03:00:00Z,2026-06-27 05:13:41+00,0,2597175.4904569974
42,fifwc-nzl-bel-2026-06-26,draw,Will New Zealand vs. Belgium end in a draw?,0xf6fe0dfcb5be2f8e961972059e42700713164673bc7463a28d029602b5e3df18,62409843405324454061803814330319520418244336052868125219110920850254110405657,2026-04-06T22:44:53.674046Z,2026-06-27T03:00:00Z,2026-06-27 05:13:41+00,0,900133.6356700006
42,fifwc-nzl-bel-2026-06-26,away,Will Belgium win on 2026-06-26?,0xd01a16e5adf6934d12c7a0e9875332356f74289ae6652a57aacb853e252fbbf4,56919576321692543804120333477806892227587677219602902701553511079254437421526,2026-04-06T22:45:01.786294Z,2026-06-27T03:00:00Z,2026-06-27 05:25:49+00,1,3748999.8240780137
43,fifwc-esp-cvi-2026-06-15,home,Will Spain win on 2026-06-15?,0xa5501b4dc0c99c382b1c2871ad9141c7f58509a0f962f70a38bb6566ec570049,3612393435281522540359979834655761894598376313180591710384535406994913064931,2026-04-06T22:26:16.976208Z,2026-06-15T16:00:00Z,2026-06-15 19:58:27+00,0,21209383.43092772
43,fifwc-esp-cvi-2026-06-15,draw,Will Spain vs. Cabo Verde end in a draw?,0xc34b198e91f197098da3f782c066328e199a6342e6798753de2bfa9ae568ae93,83072215710101175871081563765894926731657038656927257285040774204247563097609,2026-04-06T22:26:21.122073Z,2026-06-15T16:00:00Z,2026-06-15 20:24:57+00,1,4400220.152896995
43,fifwc-esp-cvi-2026-06-15,away,Will Cabo Verde win on 2026-06-15?,0xf29e8ca118bc47e9d5d162191382c8700213730e6f5959d69b006c64e16685a8,85135836978485179530031184162395126176783303519695757365796392230161124240788,2026-04-06T22:26:27.074192Z,2026-06-15T16:00:00Z,2026-06-15 19:58:27+00,0,6908118.161684922
44,fifwc-ksa-ury-2026-06-15,home,Will Saudi Arabia win on 2026-06-15?,0xaec9b992e0d877c321c7789af5d6fb64ad5e339714fb1000e1e97bf14159ea1a,108315368637387262892957153811435904912510274825529229627147648105187493645849,2026-04-06T22:39:39.247001Z,2026-06-15T22:00:00Z,2026-06-16 02:06:57+00,0,4500045.903108995
44,fifwc-ksa-ury-2026-06-15,draw,Will Saudi Arabia vs. Uruguay end in a draw?,0x344327632a0ab1c28b40003f14bfe75cb7d5bd65c58b4e34199cfc17a77104fe,6109686258397883114797998126787263049884408157800816627628909717221408645880,2026-04-06T22:39:41.331937Z,2026-06-15T22:00:00Z,2026-06-16 02:06:57+00,1,6879447.553631104
44,fifwc-ksa-ury-2026-06-15,away,Will Uruguay win on 2026-06-15?,0xbc54d73527785bdc7b443cfdf3b0d59558c5ac2bbffca23425ecfbd161b07317,67375566273017733280418349633635206252639538869301457434188127341791609355341,2026-04-06T22:39:49.232611Z,2026-06-15T22:00:00Z,2026-06-16 02:06:57+00,0,14400179.897012625
45,fifwc-esp-ksa-2026-06-21,home,Will Spain win on 2026-06-21?,0x2fcf3968f5feff8c544b1be614f1c7aed22f5051949478bc0b39f9e966cab02a,73510205866448375978164321647457824822309414197359016110940718743916953674850,2026-04-06T22:56:11.195123Z,2026-06-21T16:00:00Z,2026-06-21 18:28:14+00,1,6493710.889971014
45,fifwc-esp-ksa-2026-06-21,draw,Will Spain vs. Saudi Arabia end in a draw?,0x55aa84891f31cedeaef953dfabbb56214ed9549f2ca3ddfe10d395bc58def557,82898292053233796019218455463083153847413990945759207495147091875359141826965,2026-04-06T22:56:18.447887Z,2026-06-21T16:00:00Z,2026-06-21 18:22:05+00,0,2771732.285146005
45,fifwc-esp-ksa-2026-06-21,away,Will Saudi Arabia win on 2026-06-21?,0x3abd1b7cf1488504d51a36c1e3f944597dfe6e0545a6fd34ef3d4a3746f90e59,34595222436901694034568466087145334098073564547697700427928775408006876228602,2026-04-06T22:56:24.503874Z,2026-06-21T16:00:00Z,2026-06-21 18:22:49+00,0,5114676.39462402
46,fifwc-ury-cvi-2026-06-21,home,Will Uruguay win on 2026-06-21?,0x08d56195e88cedb87eeff396bd35e8b67d031e586169b3bc937b3095b3cdfe43,115744004241615826068373834065815885045802138463705964527622590795637356148787,2026-04-06T22:54:29.030304Z,2026-06-21T22:00:00Z,2026-06-22 00:16:10+00,0,12174216.258805264
46,fifwc-ury-cvi-2026-06-21,draw,Will Uruguay vs. Cabo Verde end in a draw?,0x2d8a8c670430061537dd6cb60c0fee0d0e0a4a3430fd00fcb390301f53e7b4d9,67002593218190822532665099166898408129313819429898582664969051678894195427511,2026-04-06T22:54:34.905323Z,2026-06-21T22:00:00Z,2026-06-22 00:30:32+00,1,5111989.560911966
46,fifwc-ury-cvi-2026-06-21,away,Will Cabo Verde win on 2026-06-21?,0x21454470816337a6dadbea2140070a57ec40146b8e65bba2fbf8e4216ea6f0a1,92373800853975207163715439849233105963580357686874848773967900936113195244769,2026-04-06T22:54:46.726873Z,2026-06-21T22:00:00Z,2026-06-22 00:16:10+00,0,6128822.795865936
47,fifwc-cvi-ksa-2026-06-26,home,Will Cabo Verde win on 2026-06-26?,0xe949e3949780dfce68fc24136bb3f79e5e1ad94d0001079ee26f6b474d77d355,102982370594795926465551165513338503688720151395360838811850524398055739613847,2026-04-06T22:50:45.114369Z,2026-06-27T00:00:00Z,2026-06-27 02:14:13+00,0,7139473.054070085
47,fifwc-cvi-ksa-2026-06-26,draw,Will Cabo Verde vs. Saudi Arabia end in a draw?,0x187651dbb617ad61b8c3342a4a61996273a6a206ff36405c37c5cf029c2f96bb,26569990508696410491447892272390543392383885606267392357555942494960533615950,2026-04-06T22:50:49.300204Z,2026-06-27T00:00:00Z,2026-06-27 02:26:20+00,1,1675934.8331419884
47,fifwc-cvi-ksa-2026-06-26,away,Will Saudi Arabia win on 2026-06-26?,0xff3744285965810d599d4ac7037760134c349eab25c289c14ba2523320debda7,13230917211575471424029299482277772949555090343730463577580317503550035691955,2026-04-06T22:51:00.364946Z,2026-06-27T00:00:00Z,2026-06-27 02:14:13+00,0,5599111.1402160125
48,fifwc-ury-esp-2026-06-26,home,Will Uruguay win on 2026-06-26?,0x61b80a4a7a325eba229ccfa35aaef9cf5879a4ad38bee2fef49a0359d823d9ca,19006898597508386281847912902191120242282582317334085817745325501448261696961,2026-04-06T22:35:13.529057Z,2026-06-27T00:00:00Z,2026-06-27 02:16:11+00,0,3370100.0436730413
48,fifwc-ury-esp-2026-06-26,draw,Will Uruguay vs. Spain end in a draw?,0xd0fa27da024261ba5edb5e9eda33651a224fb5a2137d3c9e73b216109b12dd79,31752155862447409149067389255977203243895111018202743434902043543164266789354,2026-04-06T22:35:21.578523Z,2026-06-27T00:00:00Z,2026-06-27 02:17:43+00,0,4041617.8082980243
48,fifwc-ury-esp-2026-06-26,away,Will Spain win on 2026-06-26?,0xe322faca2a534900680db54e3a4349a61427d347b6f906d2eeb01f81ae1b082c,21212784061998732060753310583727616688784929823373352237868078199791664491531,2026-04-06T22:35:26.395316Z,2026-06-27T00:00:00Z,2026-06-27 02:27:19+00,1,21107566.788395956
49,fifwc-fra-sen-2026-06-16,home,Will France win on 2026-06-16?,0x04b6d6630d49e6513355ff045c96439c929335cb0d18da7792dea6c2fc717ead,10541943766977992250149902475024620982770128161688998706490955791758263657916,2026-04-06T22:28:29.089857Z,2026-06-16T19:00:00Z,2026-06-16 21:30:17+00,1,19987092.112487588
49,fifwc-fra-sen-2026-06-16,draw,Will France vs. Senegal end in a draw?,0xbd175757f12ecc85b7aae7f1f35c8637e350227dd2967abd6e1373e245c51f49,1558773458881829509791065143596154799682035256543521797575065685839455307034,2026-04-06T22:28:36.926876Z,2026-06-16T19:00:00Z,2026-06-16 21:17:13.641384+00,0,2784802.953903013
49,fifwc-fra-sen-2026-06-16,away,Will Senegal win on 2026-06-16?,0xc5c075c77d2b8a98606097f5e42c3e907a66debf4a4058131dc0160235fa8fed,68110647781535190797837703927589470479832774174814667833732459898847586979826,2026-04-06T22:28:40.963872Z,2026-06-16T19:00:00Z,2026-06-16 21:17:13.646356+00,0,6158854.936832067
50,fifwc-irq-nor-2026-06-16,home,Will Iraq win on 2026-06-16?,0xd986b03674d1e1bf54b9cf25448c667452975dc068ac12e36a0b23cf96cd1795,73942127055672070093762091576846712862472894975200730653926386031270714825841,2026-04-06T22:38:57.103881Z,2026-06-16T22:00:00Z,2026-06-17 00:12:50+00,0,5204063.9892220115
50,fifwc-irq-nor-2026-06-16,draw,Will Iraq vs. Norway end in a draw?,0x947996d016c91c138f34eb5ebf0a67a27af1254fb93e603e48889c2f178ddd0a,33611416347839198763745720789541666193855030736143138228415524192683636379208,2026-04-06T22:39:11.319537Z,2026-06-16T22:00:00Z,2026-06-17 00:12:49+00,0,2845827.8603959205
50,fifwc-irq-nor-2026-06-16,away,Will Norway win on 2026-06-16?,0xcee0d9074a1f8766b4f66d806608a4097d027c94f85de367410fbbb166a29424,60561627760165737508115128719081450929284195423420376549887420810076954490283,2026-04-06T22:39:09.125674Z,2026-06-16T22:00:00Z,2026-06-17 00:16:46+00,1,6508340.420720124
51,fifwc-fra-irq-2026-06-22,home,Will France win on 2026-06-22?,0xe2c2cba80ca7e745aef3ff3c3a359db4d862f2b0ea40a9821bb137bb9e31b40f,33487993003158194673584478096137518804695909934938955095498705571367038286718,2026-04-06T22:37:01.118515Z,2026-06-22T21:00:00Z,2026-06-23 01:06:17+00,1,9191826.131226048
51,fifwc-fra-irq-2026-06-22,draw,Will France vs. Iraq end in a draw?,0x1a319ce803f4e711b25af81a1d8bfb59c5cc6e5ef09ac046fc65e652c98e714e,39089612180122602052604481401475144070730204978096939222616905288374331154272,2026-04-06T22:37:07.284011Z,2026-06-22T21:00:00Z,2026-06-23 01:00:17+00,0,2362491.127348997
51,fifwc-fra-irq-2026-06-22,away,Will Iraq win on 2026-06-22?,0x4882b26f86a381553f8b5742e99c615a2ef95599c64feacba3fb826d18e745aa,76510222428165877597575721449543571541796482738486080354541430902498097062984,2026-04-06T22:37:20.927141Z,2026-06-22T21:00:00Z,2026-06-23 01:00:17+00,0,4850698.2012239825
52,fifwc-nor-sen-2026-06-22,home,Will Norway win on 2026-06-22?,0x9814196ae917e1c962ce23612be50554586828a996b06c800d502a137001bc25,87342664839192211473271920800753463563092786516324349723605782526214890691197,2026-04-06T22:34:26.592633Z,2026-06-23T00:00:00Z,2026-06-23 02:14:16+00,1,22598452.18195877
52,fifwc-nor-sen-2026-06-22,draw,Will Norway vs. Senegal end in a draw?,0x7e88fd883e66a95417ac88e33876c14479a06e7aaae4c23494233622e2ee0467,12958252976539629930654162912931008487270492230310027375150666031145896793768,2026-04-06T22:34:36.585649Z,2026-06-23T00:00:00Z,2026-06-23 02:12:04+00,0,7906197.816467133
52,fifwc-nor-sen-2026-06-22,away,Will Senegal win on 2026-06-22?,0x6a6255f95ea0e78d9e8d016908e386989e3e92ef5127b56c7234bd5eafbb3dc5,41610575626461486529455331665861057346399083513953711754678027926024708412903,2026-04-06T22:34:40.543743Z,2026-06-23T00:00:00Z,2026-06-23 02:12:04+00,0,7215593.812296025
53,fifwc-nor-fra-2026-06-26,home,Will Norway win on 2026-06-26?,0x057885f5f49261eb41504e24899a88e53cb364ddf95e3c0df5608200feaddff8,13720141007204726132976932163658350553917819242912487119786312240512385978016,2026-04-06T22:41:04.554817Z,2026-06-26T19:00:00Z,2026-06-26 21:11:56+00,0,7258379.48992397
53,fifwc-nor-fra-2026-06-26,draw,Will Norway vs. France end in a draw?,0x0061b1d4b49c44a05365d60389167968baf42f2b1ab99c3d8b80a8554980d9e8,67725404666433555568518066011245937746455974844800713635030484522525394449095,2026-04-06T22:41:14.506307Z,2026-06-26T19:00:00Z,2026-06-26 21:11:56+00,0,2588294.1088259905
53,fifwc-nor-fra-2026-06-26,away,Will France win on 2026-06-26?,0x09620e07d807241bb41e5cf07d42dfd3e08943ee39e5c93ae3890e3b6164822e,24577773509300358817327680170546846259151744300648018180120742538153285610470,2026-04-06T22:41:19.470739Z,2026-06-26T19:00:00Z,2026-06-26 21:19:25+00,1,18919350.29098934
54,fifwc-sen-irq-2026-06-26,home,Will Senegal win on 2026-06-26?,0x0a164e67541bdcd46143a1d6dd768ccd30eca67f68c510ff824bd67e06ef4738,18743217884084451181326534803259386349719190738348996062011676818990905009388,2026-04-06T22:46:25.941422Z,2026-06-26T19:00:00Z,2026-06-26 21:37:49+00,1,2925865.312637003
54,fifwc-sen-irq-2026-06-26,draw,Will Senegal vs. Iraq end in a draw?,0x86160e86690150e60f37bb1fdd7e3b5902b4927b87c4d9c321ed8043d9afcd7c,33076998160231714351902565130026409459762688445353107036154768256214120659381,2026-04-06T22:46:30.350313Z,2026-06-26T19:00:00Z,2026-06-26 21:29:50+00,0,1053261.6135479934
54,fifwc-sen-irq-2026-06-26,away,Will Iraq win on 2026-06-26?,0x09736de43a09191400c25861f599a6c3e8044e0123822d8e30e74e105d9b5e60,42446028394641227058711863003994762636042573921212384468888917154482444605317,2026-04-06T22:46:39.460365Z,2026-06-26T19:00:00Z,2026-06-26 21:19:34+00,0,1900518.2632009997
55,fifwc-arg-alg-2026-06-16,home,Will Argentina win on 2026-06-16?,0x2a7a6ab8f4984f1ae82eacd7fb408832a50e63162ac6b98fff1fe094b8e9d3b5,7496871387824498705150337097986995704782987980926026827618928384721521953608,2026-04-06T22:34:00.723088Z,2026-06-17T01:00:00Z,2026-06-17 03:27:28.483613+00,1,18767166.838750347
55,fifwc-arg-alg-2026-06-16,draw,Will Argentina vs. Algeria end in a draw?,0x353bfdea6f2cae034f1cef73064086e6c904d60d58f96c69644789b510ba862f,72072713045468216718276752473321256680046799783934448189111366264812474363575,2026-04-06T22:34:07.649742Z,2026-06-17T01:00:00Z,2026-06-17 03:16:03+00,0,2063834.4329329862
55,fifwc-arg-alg-2026-06-16,away,Will Algeria win on 2026-06-16?,0xc4dd64ba5844f4a50df03fc7dc37af5decf637aacb8527fd42ccb1fbc6068f5e,83723975923165835008525905491690092591784814181150430498971361513206559812229,2026-04-06T22:34:12.708593Z,2026-06-17T01:00:00Z,2026-06-17 03:12:46+00,0,3677768.0303280056
56,fifwc-aut-jor-2026-06-17,home,Will Austria win on 2026-06-17?,0x15869f0d05e99ad5789f647685b2eedbbe4201f8910a2bdb70e5716bd3674e8f,20499437472769847560241881624039508074540415562884114297532631910880371793587,2026-04-06T22:42:16.608276Z,2026-06-17T04:00:00Z,2026-06-17 06:26:46+00,1,6272670.3021670105
56,fifwc-aut-jor-2026-06-17,draw,Will Austria vs. Jordan end in a draw?,0x2d17b7b5c8701296c4348f016076a948f25cb83e23c8b863bfa1e22ed493ae53,10941081591300181699750371173224077143006238150019210682727492628846716482576,2026-04-06T22:42:24.746204Z,2026-06-17T04:00:00Z,2026-06-17 06:20:50+00,0,2692209.122925944
56,fifwc-aut-jor-2026-06-17,away,Will Jordan win on 2026-06-17?,0x5256dfc89708ca138d1dc892c81991f2798694e077d86843707aeb2b615b1e15,10127485596146788190022715162162490005929142831190335412854285290235849822876,2026-04-06T22:42:31.091782Z,2026-06-17T04:00:00Z,2026-06-17 06:20:50+00,0,3178216.3628279995
57,fifwc-arg-aut-2026-06-22,home,Will Argentina win on 2026-06-22?,0x5bdcf0fd010eba1a55a0f3de9be6612fc72038279a734e994ce2e34664a3cfe4,43065377931595109421738195806896155428299627622642742017785976384593510801128,2026-04-06T22:53:11.310543Z,2026-06-22T17:00:00Z,2026-06-22 19:22:16+00,1,21219503.760994226
57,fifwc-arg-aut-2026-06-22,draw,Will Argentina vs. Austria end in a draw?,0xac111edf9fdf6fab06525d9a0216c16a2e54483c0df7ac58f1a83e9fa53b0c72,42455935076310849881859802799668778227947193880181063098828866359749449345600,2026-04-06T22:53:17.640966Z,2026-06-22T17:00:00Z,2026-06-22 19:16:17+00,0,5474336.868710039
57,fifwc-arg-aut-2026-06-22,away,Will Austria win on 2026-06-22?,0x73b3d2eee243a7f5438e12b72e2f33da013b0f3963302ee62bbc9198df121515,89153404871462295225932923711930844386489455338217882638440216779894680412312,2026-04-06T22:53:22.378139Z,2026-06-22T17:00:00Z,2026-06-22 19:14:34+00,0,5427410.5566158695
58,fifwc-jor-alg-2026-06-22,home,Will Jordan win on 2026-06-22?,0xaffbeeaef4c956c9e55932d3384eb7ad02640d6a421f3e749f208cb9047cf982,79556419900577322611626767862690562089176805129072624901443226554922952966745,2026-04-06T22:33:12.079669Z,2026-06-23T03:00:00Z,2026-06-23 05:14:53+00,0,4490516.479718927
58,fifwc-jor-alg-2026-06-22,draw,Will Jordan vs. Algeria end in a draw?,0x26954c84bed166fa0da034c310e3bd62e7afa32d299314c352bc32eb08e5a210,1769702396265889184498190792362704022902870513706256830724500024171753050535,2026-04-06T22:33:21.507275Z,2026-06-23T03:00:00Z,2026-06-23 05:12:17+00,0,2662738.9288179907
58,fifwc-jor-alg-2026-06-22,away,Will Algeria win on 2026-06-22?,0x0d2071920da35396162280a1af346e1f799ed45e019ed43fae0c88dc1ac4b4d6,115548088586633825662425519500723984422794579404944891967166045543435931523785,2026-04-06T22:33:29.076188Z,2026-06-23T03:00:00Z,2026-06-23 05:26:16+00,1,15331447.252722226
59,fifwc-alg-aut-2026-06-27,home,Will Algeria win on 2026-06-27?,0x7806f3a191784bfedb4bb3d99db890d05a834e413a50ecbf6893f7926089e45b,82930050367767323602185033959522193504232064039705778455362784267890724471276,2026-04-06T22:49:24.652659Z,2026-06-28T02:00:00Z,2026-06-28 04:16:41+00,0,3996018.6144399806
59,fifwc-alg-aut-2026-06-27,draw,Will Algeria vs. Austria end in a draw?,0xd6a5a44e8105c4808ba09d19bce444b22b883330fd6e23e5661988b3583a9d4c,54474886969816453525385753955468883023194567537518813967701106946658819435076,2026-04-06T22:49:28.822375Z,2026-06-28T02:00:00Z,2026-06-28 04:19:49+00,1,9245319.949545983
59,fifwc-alg-aut-2026-06-27,away,Will Austria win on 2026-06-27?,0xca1f4760e175d71d1c7677dbc56a1856dc2cee6a4d8de8275a16dbca716afd24,101870693068643777907933185168096005823100471428921617507976765091257562327892,2026-04-06T22:49:39.473598Z,2026-06-28T02:00:00Z,2026-06-28 04:15:55+00,0,8733405.134571051
60,fifwc-jor-arg-2026-06-27,home,Will Jordan win on 2026-06-27?,0x26b822b926feab4068f42bf2d0750fb8a65e09462c8edf1159275c2a116081ea,45668841020533558878058431264255444612420443086293898941905939792694888997711,2026-04-06T22:32:06.478486Z,2026-06-28T02:00:00Z,2026-06-28 04:09:53+00,0,2597449.3944140025
60,fifwc-jor-arg-2026-06-27,draw,Will Jordan vs. Argentina end in a draw?,0x7815af57ea657fd0442932a788988b7f6c219a46903e4bce678981b801daf8a4,616354135091983275441980781778127730973983204686602475633890523765647649939,2026-04-06T22:32:16.671836Z,2026-06-28T02:00:00Z,2026-06-28 04:09:53+00,0,1439166.6853729987
60,fifwc-jor-arg-2026-06-27,away,Will Argentina win on 2026-06-27?,0xb465c0d920be7fa9413909befc3989247de10a1d4feca2621bb36f9a62191a12,89969054941820905260983372139923320038115693660830083208242956669285748681379,2026-04-06T22:32:22.822005Z,2026-06-28T02:00:00Z,2026-06-28 04:14:20+00,1,7598609.843235994
61,fifwc-prt-cdr-2026-06-17,home,Will Portugal win on 2026-06-17?,0xcaaa1338d38b5c614196c9a926dd84babc3984442f2ec9b937a16284a199ec3a,76071109489406808599878692125264766321676001700733380917373465772841855210643,2026-04-06T22:29:13.22935Z,2026-06-17T17:00:00Z,2026-06-17 19:17:47+00,0,14396185.470534254
61,fifwc-prt-cdr-2026-06-17,draw,Will Portugal vs. DR Congo end in a draw?,0xff1afdef47475128b85467bd1a3a4a3182da0c27409d81c2dc6c7d55b5467dad,2328333301741750345417630454121106244367883081134709887163965516147303610120,2026-04-06T22:29:20.324536Z,2026-06-17T17:00:00Z,2026-06-17 19:30:17+00,1,4963490.814626961
61,fifwc-prt-cdr-2026-06-17,away,Will DR Congo win on 2026-06-17?,0x26af99aaa2182c11f3f02ea8e9ee5527dd2d0f9680c73ffbd7bd0237cc64d5f2,59454896622130760276442490722222126894150925046963444585060045915889624278803,2026-04-06T22:29:37.240877Z,2026-06-17T17:00:00Z,2026-06-17 19:17:47+00,0,4297509.750632005
62,fifwc-uzb-col-2026-06-17,home,Will Uzbekistan win on 2026-06-17?,0x0ef9d17aff09c873dc47a93cfb13c42ab6274b4493e022fed1f228193714540d,42349324891891531052261785579549036042703894030589864369388972549681820562082,2026-04-06T22:44:35.712054Z,2026-06-18T02:00:00Z,2026-06-18 04:23:04+00,0,3587055.827468993
62,fifwc-uzb-col-2026-06-17,draw,Will Uzbekistan vs. Colombia end in a draw?,0x3e0e84f19abf090dae4490caf1d7f74d5cbaa5d49fa0d64bee52a42b0f71c7e4,29696609003438481519695227807182574735991421576025755342707611041941932867266,2026-04-06T22:44:39.869657Z,2026-06-18T02:00:00Z,2026-06-18 04:23:04+00,0,1948013.5094149732
62,fifwc-uzb-col-2026-06-17,away,Will Colombia win on 2026-06-17?,0x2f00e48e914ba6606867a6347e90c48cc1fd4da66cc196a191786637f40848e9,107303881689780116979934419713652545873528717512161697004408881489729317049047,2026-04-06T22:44:41.845428Z,2026-06-18T02:00:00Z,2026-06-18 04:29:46+00,1,17636106.97954206
63,fifwc-prt-uzb-2026-06-23,home,Will Portugal win on 2026-06-23?,0x7fb8010a0cdc4ac4f7e93fb7a532731fbb81f951dd451f2402648eaa3cf285e1,46788745865873849751895851580006231458025441200398102606849707486161173481896,2026-04-06T22:53:40.238439Z,2026-06-23T17:00:00Z,2026-06-23 19:14:17+00,1,9364518.518527128
63,fifwc-prt-uzb-2026-06-23,draw,Will Portugal vs. Uzbekistan end in a draw?,0x3dac1c6e41591af519fee14c8b7e47022825b19e04e643b115ca407c6a722617,24809423528124284224090069515582587237857005059059577506414057066347413921482,2026-04-06T22:53:52.590891Z,2026-06-23T17:00:00Z,2026-06-23 19:11:38+00,0,3397145.662285006
63,fifwc-prt-uzb-2026-06-23,away,Will Uzbekistan win on 2026-06-23?,0x887f26cf6ab07f7aebdf203280c1f1cddbe1cd494f420316b94a2647238f48d1,76563067682631227603609066044534706683559659816004868232381337856810074987695,2026-04-06T22:53:54.632428Z,2026-06-23T17:00:00Z,2026-06-23 19:11:46+00,0,5019725.216750016
64,fifwc-col-cdr-2026-06-23,home,Will Colombia win on 2026-06-23?,0xe120b5ac48c5e2abdfcb3e34be55567e2ae81caaa87a243e964814ca65e6667e,34999267410182663441586115553518943962188580583548745660828050477474485422496,2026-04-06T22:30:18.836641Z,2026-06-24T02:00:00Z,2026-06-24 04:15:20+00,1,9532218.851709109
64,fifwc-col-cdr-2026-06-23,draw,Will Colombia vs. DR Congo end in a draw?,0x06215a799ed95eb008eea3d8de97448c2030f8ec790547e6ce1bd9e974f9b70d,79983794318718332304327981666825218942232843954396702058226061148160445738463,2026-04-06T22:30:23.120618Z,2026-06-24T02:00:00Z,2026-06-24 04:11:19+00,0,2765141.8074670206
64,fifwc-col-cdr-2026-06-23,away,Will DR Congo win on 2026-06-23?,0x8148ac62977e95dd3cb5d2cda5dd0b1071721f3ffb101941b3499fa4e074fae2,27087363386694674049005402437888440764538397638814511740652870655708130928058,2026-04-06T22:30:28.754325Z,2026-06-24T02:00:00Z,2026-06-24 04:11:16+00,0,3440113.870757017
65,fifwc-col-prt-2026-06-27,home,Will Colombia win on 2026-06-27?,0xfbcdae24669153e811b86329a4adb56689b590845b02fd0c16e7b1826c863034,66645018399244327793816970436640892806720466803924622381310200425167561934656,2026-04-06T22:32:50.584744Z,2026-06-27T23:30:00Z,2026-06-28 01:42:11+00,0,5853373.7481709635
65,fifwc-col-prt-2026-06-27,draw,Will Colombia vs. Portugal end in a draw?,0x8765cc2b3c75089a9c5de8d12d52274857a2e573a9726bc023faa2a046340fac,59969732588381163791331816857468861959000541135529686594887337761858409837896,2026-04-06T22:32:58.716957Z,2026-06-27T23:30:00Z,2026-06-28 01:48:50+00,1,3535738.6063089645
65,fifwc-col-prt-2026-06-27,away,Will Portugal win on 2026-06-27?,0x597e0e209cef883bb95c6905f07d8066c3ef35652087d3611c43b93f0ed237c2,68238163315667435120694805573568977252273759352712823951184501420027891362809,2026-04-06T22:33:04.791125Z,2026-06-27T23:30:00Z,2026-06-28 01:40:58+00,0,19361160.17850011
66,fifwc-cdr-uzb-2026-06-27,home,Will DR Congo win on 2026-06-27?,0x26c84897f375ef75367a1fea2bcf3a1601950962c9424f8635b966cc5d9ff4ba,32203747233944015438487799675613943430837031417969455986362970409671575279826,2026-04-06T22:38:28.777324Z,2026-06-27T23:30:00Z,2026-06-28 02:02:05+00,1,9889793.045153989
66,fifwc-cdr-uzb-2026-06-27,draw,Will DR Congo vs. Uzbekistan end in a draw?,0x57dac5b6332f3d53233950105e7768575e511d90338f3f7be5ce993f424675a7,81552362010142345634703929302259930833935413033049071585470045256395801009970,2026-04-06T22:38:47.111619Z,2026-06-27T23:30:00Z,2026-06-28 01:49:22+00,0,1355263.7187650003
66,fifwc-cdr-uzb-2026-06-27,away,Will Uzbekistan win on 2026-06-27?,0x86fc22f4d262b93a4ea5f28a6c750cde3130dd86f2662fb6641c06b2861eab47,18008867159313570769262912171658897336337384293159822028565187451480762621316,2026-04-06T22:38:47.368805Z,2026-06-27T23:30:00Z,2026-06-28 01:48:50+00,0,3289604.5155949844
67,fifwc-eng-hrv-2026-06-17,home,Will England win on 2026-06-17?,0xb361c29b5481164886627cb175ed76792df30902e66ec329c0a3853f807fe8e9,45513813860398961340723481590130352932611791552209098368268600222240572304551,2026-04-06T22:24:42.670934Z,2026-06-17T20:00:00Z,2026-06-17 22:31:16+00,1,15857649.80726726
67,fifwc-eng-hrv-2026-06-17,draw,Will England vs. Croatia end in a draw?,0x7c200c3facd45c4307c4d52d47a7d0d86fe219ff25eba92ff88a674d974c4ec3,92623193147229968536967595026209377290569876277152414806208806159046880692537,2026-04-06T22:24:52.570023Z,2026-06-17T20:00:00Z,2026-06-17 22:14:46+00,0,3370587.3281050166
67,fifwc-eng-hrv-2026-06-17,away,Will Croatia win on 2026-06-17?,0x90b9d20ece132c342654f98e0826e972134b10f58d4789c2662bdc00eee44b13,55443738818158231803517291185008080654932985451404315852703585757411667902597,2026-04-06T22:25:00.693421Z,2026-06-17T20:00:00Z,2026-06-17 22:18:46+00,0,7210340.936444105
68,fifwc-gha-pan-2026-06-17,home,Will Ghana win on 2026-06-17?,0x0256ef63427ed0d9eefa1422eee948165a2a215b0741a339025fb08b2cf6e15d,4583065636155233526779653080435458405485537158452842777526478181105245518840,2026-04-06T22:25:52.107422Z,2026-06-17T23:00:00Z,2026-06-18 01:24:04+00,1,12677277.821971292
68,fifwc-gha-pan-2026-06-17,draw,Will Ghana vs. Panama end in a draw?,0xc17c0b2fbaaf76f218153cc4d4c6c0dca65c9138317e2cbd1903c63ab70dc1ef,61203648901328553286317484050722946819387883550381338646535487039149670812946,2026-04-06T22:26:00.811085Z,2026-06-17T23:00:00Z,2026-06-18 01:17:04+00,0,4012648.7380820005
68,fifwc-gha-pan-2026-06-17,away,Will Panama win on 2026-06-17?,0xeb0de200851ebb80eb722c8b02e2226fe76e91e86a7cfe7e38042632e42d5ae9,98450368978745606301240607141388168410536324949220985931158206007509106995457,2026-04-06T22:26:04.657728Z,2026-06-17T23:00:00Z,2026-06-18 01:17:04+00,0,3714080.829743978
69,fifwc-eng-gha-2026-06-23,home,Will England win on 2026-06-23?,0xff1ec56e0e47033727e33deab740896fbf1c6bb8a2b0068efdba3d900c7ba7a2,63611572432092712507452794046269856873324193737948513078896856667745770559698,2026-04-06T22:25:28.547306Z,2026-06-23T20:00:00Z,2026-06-23 22:13:35+00,0,16506998.079854466
69,fifwc-eng-gha-2026-06-23,draw,Will England vs. Ghana end in a draw?,0x17d821a9197f8de3acbb8a0140e70cea9461e95871c58ae7aa9c608d53ad00d0,113575947344702991323223447752604645066262694843576298874524902811228579544185,2026-04-06T22:25:38.888995Z,2026-06-23T20:00:00Z,2026-06-23 22:17:35+00,1,3775863.5527849677
69,fifwc-eng-gha-2026-06-23,away,Will Ghana win on 2026-06-23?,0x66b7ad48448f8846395b8df8edb5f20f99bed8e79928b1b9d2cf3a19d70dbdf8,111239697803361919523803068759725643725914563280609261384832780529311817077235,2026-04-06T22:25:43.054204Z,2026-06-23T20:00:00Z,2026-06-23 22:13:35+00,0,4603262.396210123
70,fifwc-pan-hrv-2026-06-23,home,Will Panama win on 2026-06-23?,0xd0c0909f0cb7e0fd1e5d8c9c9eae86fec21ff6aa53f812d58c285e88c64a32e5,24996055382005658349790471423878721697831808533961896596758588230034679203014,2026-04-06T22:36:42.90598Z,2026-06-23T23:00:00Z,2026-06-24 01:06:47+00,0,3397913.2982610064
70,fifwc-pan-hrv-2026-06-23,draw,Will Panama vs. Croatia end in a draw?,0x2575e6ffba4b0221654217dc5cd283c969816a2f2ed4729b39276438e8609077,281014131890775346711528419616637935334914824702644832308015615443957627676,2026-04-06T22:36:46.926673Z,2026-06-23T23:00:00Z,2026-06-24 01:07:52+00,0,1799600.8744969964
70,fifwc-pan-hrv-2026-06-23,away,Will Croatia win on 2026-06-23?,0x652a7e27819c8aa682f1013295dd637c000133862850d96143e48a1815b94d38,109027609951989526893628757693490068717900103024949393927658066962316915180001,2026-04-06T22:36:50.964629Z,2026-06-23T23:00:00Z,2026-06-24 01:08:34+00,1,12543597.939382985
71,fifwc-pan-eng-2026-06-27,home,Will Panama win on 2026-06-27?,0xb53a439c60d979f1c19108b263d97419e0a6ea99eb71ce08cfc0e459622e71cc,59058041199432950171496335927523101634207424833883434829808368909648870164143,2026-04-06T22:43:00.679495Z,2026-06-27T21:00:00Z,2026-06-27 23:08:11+00,0,3357074.323884005
71,fifwc-pan-eng-2026-06-27,draw,Will Panama vs. England end in a draw?,0x099d12093a6214e2dea67296c11dad775d0b3038c413731112a1c52ebd362adc,59060314792119542598872086330330421934194999186952058617387110515321473268432,2026-04-06T22:43:07.187932Z,2026-06-27T21:00:00Z,2026-06-27 23:08:11+00,0,1326888.228043002
71,fifwc-pan-eng-2026-06-27,away,Will England win on 2026-06-27?,0x7a582647d279d70223a8cfce98451ef6ecbe2e574f24b7dda17be7f65b387c20,93320332124999747203356838766183249400983580913731153318561555477528481141967,2026-04-06T22:43:16.130257Z,2026-06-27T21:00:00Z,2026-06-27 23:13:25+00,1,7066368.354783069
72,fifwc-hrv-gha-2026-06-27,home,Will Croatia win on 2026-06-27?,0x2cc359648ba6695498c169ceaa44c5444e0479102c453289c47ed9489e7f3e93,23522010053796928314095406008924900761833610419543982088160250459540934114445,2026-04-06T22:37:43.4517Z,2026-06-27T21:00:00Z,2026-06-27 23:28:19+00,1,18418022.199651264
72,fifwc-hrv-gha-2026-06-27,draw,Will Croatia vs. Ghana end in a draw?,0x4b38300fb27196d5ca73ae2cca3d601e107cf305e00358d64b2cdeb712eb5c5d,73617947654081997431498367652195704493094967542363882616248674397638553207873,2026-04-06T22:37:51.490218Z,2026-06-27T21:00:00Z,2026-06-27 23:17:53+00,0,2653744.0609489926
72,fifwc-hrv-gha-2026-06-27,away,Will Ghana win on 2026-06-27?,0x137ae42a26fde276b0fced88f502e88a67da8e6acbc2ff8760b7e24d99234192,90597327262250836004646033934453860417100833449408628755662053427096482500586,2026-04-06T22:38:01.280245Z,2026-06-27T21:00:00Z,2026-06-27 23:12:19+00,0,4182447.3819249794
73,fifwc-rsa-can-2026-06-28,home,Will South Africa win on 2026-06-28?,0x355ecd5575c79d48729b03b56301b88052e957a74f92c468d2896dc1a2cb82b7,40789634509720753537744583215158810500689355512680317697704779871684105258170,2026-06-25T10:03:21.790669Z,2026-06-28T19:00:00Z,2026-06-28 21:20:20+00,0,3761070.591093
73,fifwc-rsa-can-2026-06-28,draw,Will South Africa vs. Canada end in a draw?,0x84466f679694048db91acf068a3c1757aa5c5e44e4409e97b32ee214f2a8940b,88168782492845289495931894123636898423732610611621478464750983403983457679764,2026-06-25T10:03:33.626198Z,2026-06-28T19:00:00Z,2026-06-28 21:22:50+00,0,4146907.4811939728
73,fifwc-rsa-can-2026-06-28,away,Will Canada win on 2026-06-28?,0x688954ad8e279cc5febef6739d4f87acd3e42ca768ac6a8b621386a8578532ed,89061390591705493428902121311311284252745020608578311635752281866413002720744,2026-06-25T10:03:36.67256Z,2026-06-28T19:00:00Z,2026-06-28 21:26:13+00,1,36162490.191441655
74,fifwc-ger-par-2026-06-29,home,Will Germany win on 2026-06-29?,0xdac6e67bfc09e630711ceb1be0be8f19c472344ca4353b608cc3b9282e61ec95,105955641798220222973109187224574301257632160324818588692950982681479970305564,2026-06-27T10:03:49.43461Z,2026-06-29T20:30:00Z,2026-06-29 23:41:41+00,0,24012879.428884313
74,fifwc-ger-par-2026-06-29,draw,Will Germany vs. Paraguay end in a draw?,0x017f79842c76a76ee2fd9d448b73cdfa85dcacd7d03c3b4c0a8e2663c4e84c27,78992976791828739620420933876609388738726260071189100674116150068585292217601,2026-06-27T10:03:50.539353Z,2026-06-29T20:30:00Z,2026-06-29 23:46:49+00,1,8041631.917780037
74,fifwc-ger-par-2026-06-29,away,Will Paraguay win on 2026-06-29?,0x48e6e5108d0d878a02c2d79164fa1063792179b97dfe740b43cb6ebb803e0f7c,112884343986953105163186363276231855702754661505182578867175479629986969795783,2026-06-27T10:04:02.368519Z,2026-06-29T20:30:00Z,2026-06-29 23:41:41+00,0,9348265.639179068
75,fifwc-nld-mar-2026-06-29,home,Will Netherlands win on 2026-06-29?,0x8ec1344d38fb55aa4adf043a3d81899bda2762b89bebec5769a81a50c3b9c25f,7274552498925682773418691853971449969741694357120018415935498544583333363785,2026-06-26T10:52:42.743162Z,2026-06-30T01:00:00Z,2026-06-30 04:09:46+00,0,15535558.642318143
75,fifwc-nld-mar-2026-06-29,draw,Will Netherlands vs. Morocco end in a draw?,0x08ac1bbcff8c6bf57b9744970faf8ef8a97fefa20737480a53af4f8d398f5d26,103480646400667231774637698938140554746639729204846464856545603155973283412911,2026-06-26T10:50:08.098143Z,2026-06-30T01:00:00Z,2026-06-30 04:11:38+00,1,3705639.024917985
75,fifwc-nld-mar-2026-06-29,away,Will Morocco win on 2026-06-29?,0xd78567ca1a5759cb839cdd64eb5bb293b4f2f243ccb09e2917946d2f45ceca9c,84597496489313264837847684053401517117472634121930855082913192700166797262773,2026-06-26T10:48:45.839223Z,2026-06-30T01:00:00Z,2026-06-30 04:07:41+00,0,8610997.066745996
76,fifwc-bra-jpn-2026-06-29,home,Will Brazil win on 2026-06-29?,0xf95968b1334c35a5c17867680d783d1d592bb8648b014f7365d03e40e37c99fb,57092323451811073429818608596571079688057106582430141952397837549265655050698,2026-06-26T10:48:31.329754Z,2026-06-29T17:00:00Z,2026-06-29 19:21:53+00,1,21449755.607713584
76,fifwc-bra-jpn-2026-06-29,draw,Will Brazil vs. Japan end in a draw?,0x8eb933271beaafebafc8f7615e69e6a20bdd61ef25f99f78f1e21486340f6570,102894855985692555532904127073544596800300556071376197346976065799709524987460,2026-06-26T10:51:34.681024Z,2026-06-29T17:00:00Z,2026-06-29 19:16:56+00,0,4507367.65061283
76,fifwc-bra-jpn-2026-06-29,away,Will Japan win on 2026-06-29?,0x085e6d64dbcc4a308e7477c3bda16b8c3c62ec37f7df7a06dcafb6ab08396401,62752037506734227724693430695336334041746689568397072632264782484262688795846,2026-06-26T10:48:35.876331Z,2026-06-29T17:00:00Z,2026-06-29 19:16:56+00,0,8054695.137975048
77,fifwc-fra-swe-2026-06-30,home,Will France win on 2026-06-30?,0x378f7b5c668014d9f6c42c305ec83902f3c8f6c770b336363aed0076ce6ce1c9,91355094557016369228768123360298492968992168419338047915199416797057852525950,2026-06-27T10:03:16.120848Z,2026-06-30T21:00:00Z,2026-06-30 23:10:55+00,1,21360211.01875305
77,fifwc-fra-swe-2026-06-30,draw,Will France vs. Sweden end in a draw?,0xe7d813bf752081508adb435d4d9a587c2292c11ff8b5ddfad0ae664466f9346d,19550592036274741049659200616233021499811235203601320680386451280519004661997,2026-06-27T10:03:22.236229Z,2026-06-30T21:00:00Z,2026-06-30 23:06:55+00,0,1966418.9145170022
77,fifwc-fra-swe-2026-06-30,away,Will Sweden win on 2026-06-30?,0x942ec9fe68f733c196433b9ba146ff4d6629610c83324c91395e078b8b21e127,25101538316218147237997334564668091438563238337349407159868389076062854560259,2026-06-27T10:03:23.24047Z,2026-06-30T21:00:00Z,2026-06-30 23:06:55+00,0,3486880.3941690084
78,fifwc-civ-nor-2026-06-30,home,Will Côte d'Ivoire win on 2026-06-30?,0xc70225afd173c74f7e62671aa5153db6bf849e2330e76ab48c7750c8a67a2c41,98208782378359603501620767364018891911813458818623897437496458106414463475954,2026-06-27T10:03:32.527295Z,2026-06-30T17:00:00Z,2026-06-30 19:12:50+00,0,3691446.168626968
78,fifwc-civ-nor-2026-06-30,draw,Will Côte d'Ivoire vs. Norway end in a draw?,0xe2e3e289d42ce5df6a79676f3339b4e9dd353ba97dfe45d272c030599151cea2,37296312398051842143439670490519490530978107178378280910956718479076858296950,2026-06-27T10:03:34.342086Z,2026-06-30T17:00:00Z,2026-06-30 19:11:20+00,0,5608892.56699811
78,fifwc-civ-nor-2026-06-30,away,Will Norway win on 2026-06-30?,0x173be8afaedec7e17be529389b825fa2171aa7e6dff36fc5ad26698195dd2227,1989490747510462311926239193828267168219710855677630578518070934222601555496,2026-06-27T10:03:38.46978Z,2026-06-30T17:00:00Z,2026-06-30 19:16:52+00,1,17247649.762743395
79,fifwc-mex-ecu-2026-06-30,home,Will Mexico win on 2026-06-30?,0x65f5760095b3b903c895b320765ccdd4074b72750458b09fde516f6254bcec67,114468314836265493179349149555121147219378704003010144698095755324094165081893,2026-06-28T10:04:33.989128Z,2026-07-01T01:00:00Z,2026-07-01 07:59:34+00,1,13651106.71304677
79,fifwc-mex-ecu-2026-06-30,draw,Will Mexico vs. Ecuador end in a draw?,0x1f54c5d06e9e7a7a11ed24123ab5743ba5b525745cf1338b7ec23d371e6f55ea,11866110555495951633661793493234198760714743866421175130577619510964118146114,2026-06-28T10:04:39.926787Z,2026-07-01T01:00:00Z,2026-07-01 04:23:41+00,0,8843123.880314995
79,fifwc-mex-ecu-2026-06-30,away,Will Ecuador win on 2026-06-30?,0xa0f4d15ca1f25a095760f56ba63d7f99bad977a33ae93003d86d58fda3ba3da4,95900004446820028523281487282586307546683508186408363039386301983885387392092,2026-06-28T10:04:45.598402Z,2026-07-01T01:00:00Z,2026-07-01 04:23:41+00,0,5664181.738955996
80,fifwc-eng-cdr-2026-07-01,home,Will England win on 2026-07-01?,0x915c8ff5cc774e058416d26d65cee8a04858b0d22548f59b2dcb2766de5a8e50,47128076194656719884583796201362709805790165917758295559618985609098741011893,2026-06-28T10:03:41.45954Z,2026-07-01T16:00:00Z,2026-07-01 18:25:58+00,1,14028646.015347352
80,fifwc-eng-cdr-2026-07-01,draw,Will England vs. DR Congo end in a draw?,0xeec0dcea9df0643a868e9b152752473444ab03d9f6db1440ed66db8e76f93a14,69720115775052841901641625498034904993405939321208883889567585171348787024367,2026-06-28T10:03:47.628103Z,2026-07-01T16:00:00Z,2026-07-01 18:14:17+00,0,5291568.098953996
80,fifwc-eng-cdr-2026-07-01,away,Will DR Congo win on 2026-07-01?,0x009d773159b72d0575602bd9c855bed45187a7cfdc393dc231997731754d0ebf,40095690165100403740959014720632641918616938378417968277635915917247868465688,2026-06-28T10:03:53.664636Z,2026-07-01T16:00:00Z,2026-07-01 18:14:17+00,0,6122788.100623049
81,fifwc-usa-bih-2026-07-01,home,Will United States win on 2026-07-01?,0xe9d96f957f3f5e4ffa0e920087edf967c4cc353e9d1ad0c2d7ae928b32b61cb0,4633569295739345295929299496370398790000429459208303788658430774702495448690,2026-06-26T10:51:23.324971Z,2026-07-02T00:00:00Z,2026-07-02 02:22:55+00,1,11274857.04986208
81,fifwc-usa-bih-2026-07-01,draw,Will United States vs. Bosnia and Herzegovina end in a draw?,0xe2671b2075027e789dd1066e9976fd4515b4db921f84f05d5df463bd0165f950,7461808142402940723226612613163043078472639078077557222185478409281679793928,2026-06-26T10:50:20.309876Z,2026-07-02T00:00:00Z,2026-07-02 02:22:10+00,0,2498151.286899002
81,fifwc-usa-bih-2026-07-01,away,Will Bosnia and Herzegovina win on 2026-07-01?,0xd8aff2490e3a808f2cbef7970698f72762f8090b78562e388ee6ab500e6821eb,34408866647976593954627079997680480471193582323801865990245640173708429835258,2026-06-26T10:48:41.919653Z,2026-07-02T00:00:00Z,2026-07-02 02:22:10+00,0,5009275.131872964
82,fifwc-bel-sen-2026-07-01,home,Will Belgium win on 2026-07-01?,0x9c183f63913cee589ec7a8d584fb7743a541f724edc047837c053c027bdf9074,51550519425443949709378847779649788844021865732808641475643382400046061806350,2026-06-28T10:11:57.353361Z,2026-07-01T20:00:00Z,2026-07-01 23:07:56+00,0,37800234.64466119
82,fifwc-bel-sen-2026-07-01,draw,Will Belgium vs. Senegal end in a draw?,0x889e0fa1c435f52ba8534423449865e6f18fd11fc13b473988b88a60d81a9ea0,70734912499390294762635620491284391639475146683001061643495623464632375277430,2026-06-28T10:12:02.447088Z,2026-07-01T20:00:00Z,2026-07-01 23:18:50+00,1,4079809.176788043
82,fifwc-bel-sen-2026-07-01,away,Will Senegal win on 2026-07-01?,0x1525f6e38aad87d60dca762113a3bc8bd48baa8563aca8489b12c79330d77a92,101186338300259647808521159297117949746868383615820554531962956488824987030486,2026-06-28T10:12:09.850082Z,2026-07-01T20:00:00Z,2026-07-01 23:07:56+00,0,17827341.63682033
83,fifwc-prt-hrv-2026-07-02,home,Will Portugal win on 2026-07-02?,0x43bde2aa4a2067139451beb84649e5acaff989a3a0817fb1c592046c993d4168,105300101902444670024314531766229236783176275346588264475245645697082520508325,2026-06-28T10:11:05.994573Z,2026-07-02T23:00:00Z,2026-07-03 01:25:10+00,1,16724381.27333695
83,fifwc-prt-hrv-2026-07-02,draw,Will Portugal vs. Croatia end in a draw?,0x0ea55d012e501a500011f42067b140ee5dcb4c678c94401459962b3a841ac568,51119174525701806371550479635410149688193271356842779075353445408012707878262,2026-06-28T10:11:08.986438Z,2026-07-02T23:00:00Z,2026-07-03 01:21:10+00,0,5840899.920530959
83,fifwc-prt-hrv-2026-07-02,away,Will Croatia win on 2026-07-02?,0xd23b4810d916942c2c7b71d9f0f5e3248adc0e4017d8ffa5dd0b1fe721beb0f2,87174293490112529998913581015460784091668285134964562963484251070427507993480,2026-06-28T10:11:18.930057Z,2026-07-02T23:00:00Z,2026-07-03 01:21:10+00,0,9224423.770550994
84,fifwc-esp-aut-2026-07-02,home,Will Spain win on 2026-07-02?,0xc5943cca27ce657f519619520b1664829b1209f9a5ef9266be7f2954be1b0260,110474601866909537724044216141585040787927916157559633438159999666255694855775,2026-06-28T10:15:06.877891Z,2026-07-02T19:00:00Z,2026-07-02 21:30:50+00,1,13221539.20717903
84,fifwc-esp-aut-2026-07-02,draw,Will Spain vs. Austria end in a draw?,0x89f3660355b18cdd0684d129970fbcafbe253427af12a76cd806bc684f240f6a,110944718573054763745445792438007369988665915888567174660803016238425796254924,2026-06-28T10:15:10.702311Z,2026-07-02T19:00:00Z,2026-07-02 21:23:50+00,0,3658554.1082529887
84,fifwc-esp-aut-2026-07-02,away,Will Austria win on 2026-07-02?,0x2abb2c5d2a65365c4107904c4d7e04b6eef9cfc6875658bf3327c589cfd20589,98527153031306952978660040867395139087621992676427333568334777278688370278755,2026-06-28T10:15:17.698571Z,2026-07-02T19:00:00Z,2026-07-02 21:23:50+00,0,3249453.3564859857
85,fifwc-che-alg-2026-07-02,home,Will Switzerland win on 2026-07-02?,0x498cd7fcb7d5209192cd31676f27413e0a3bdb8c8d8d228229cac24c0701fc27,87420881416753183950847701965163525629817652213917429006273635360524465160861,2026-06-28T10:03:59.38304Z,2026-07-03T03:00:00Z,2026-07-03 05:19:41+00,1,10803367.559351003
85,fifwc-che-alg-2026-07-02,draw,Will Switzerland vs. Algeria end in a draw?,0x179c7dc229d757c7d1952235b0c9311e48b3437b34271248c0e3a6de366e22c9,52089539338074641654799643228933406735343544687802407952997175402964899976256,2026-06-28T10:04:03.553355Z,2026-07-03T03:00:00Z,2026-07-03 05:09:22+00,0,2088712.3125649996
85,fifwc-che-alg-2026-07-02,away,Will Algeria win on 2026-07-02?,0x4dd987594593e7e1fca9a4e0bc4301cc9320b3c51255fde088d40763ed01a69d,75771817078472080882207303024349440209183684662422891257718386385240666521405,2026-06-28T10:04:10.507998Z,2026-07-03T03:00:00Z,2026-07-03 05:09:22+00,0,3211182.326096998
86,fifwc-arg-cvi-2026-07-03,home,Will Argentina win on 2026-07-03?,0xb81d9a63be774f9c3db1b96af4d0e869128643a29c6eb922c0d8a20137880120,43456878767945280970650160648663035360756131789534577706790459269909777535061,2026-06-27T10:11:30.488684Z,2026-07-03T22:00:00Z,2026-07-04 00:59:22+00,0,27706689.41426485
86,fifwc-arg-cvi-2026-07-03,draw,Will Argentina vs. Cabo Verde end in a draw?,0x826887e3ac134321e8137d47870b4efa84d0263b0864f21feb227c8e024d759e,50594101292041950051188723960534854293621624124622267043333086480644780479430,2026-06-27T10:11:35.394338Z,2026-07-03T22:00:00Z,2026-07-04 01:02:58+00,1,5564432.53192898
86,fifwc-arg-cvi-2026-07-03,away,Will Cabo Verde win on 2026-07-03?,0x044863f506fcca9771a47de547fe03e00f5bc2a7070e93158499092a6843a0d2,27797173830695790192472564926188861680026963949667326881806426254251568869114,2026-06-27T10:11:42.321265Z,2026-07-03T22:00:00Z,2026-07-04 00:59:22+00,0,15768824.99498326
87,fifwc-col-gha-2026-07-03,home,Will Colombia win on 2026-07-03?,0xc4a26ee77fc5777d5036854f3835bf7ce44b42a61e3c6325c22b444627757eca,76150025241705071715660741383746313361341926806422361774139695469030476859782,2026-06-28T10:03:26.142163Z,2026-07-04T01:30:00Z,2026-07-04 03:51:10+00,1,6200512.085639258
87,fifwc-col-gha-2026-07-03,draw,Will Colombia vs. Ghana end in a draw?,0x8ab8461b23e508d2469fb8c56919e6f26845ddc9082c2cad904f10a1df441cc1,74465184772301188489011024618947583704857068259629739095253675726347456742213,2026-06-28T10:03:29.231131Z,2026-07-04T01:30:00Z,2026-07-04 03:46:52+00,0,2749473.673571997
87,fifwc-col-gha-2026-07-03,away,Will Ghana win on 2026-07-03?,0xfc35bff2ad7d9edefa77d1df366161a4aebebed33e5dda6ff932ce7c8e00edfb,105539798766547200092323662417726863479637721229836283901511466011186180591923,2026-06-28T10:03:38.121748Z,2026-07-04T01:30:00Z,2026-07-04 03:45:23+00,0,4030261.3318049824
88,fifwc-aus-egy-2026-07-03,home,Will Australia win on 2026-07-03?,0x6f062353f0d41ff7d4ceda7cf424c60eed845754b78c111317e72f917b3f1089,53970838488584180633352427972739785822858048152217079560347483794342661373892,2026-06-27T10:06:19.23105Z,2026-07-03T18:00:00Z,2026-07-03 21:14:22+00,0,7111054.892541992
88,fifwc-aus-egy-2026-07-03,draw,Will Australia vs. Egypt end in a draw?,0x71b9be2e4558d3581e1023a0e0568a7a49fcca8c7f1ba1d1ca73fa1deb05e76f,84037528096247589121932460644816367456733721388752689681145885530943661082375,2026-06-27T10:06:20.464815Z,2026-07-03T18:00:00Z,2026-07-03 21:17:35+00,1,5086456.477400987
88,fifwc-aus-egy-2026-07-03,away,Will Egypt win on 2026-07-03?,0xf3a4ebc0e59aadc6c37a49f7e50c34233925d15868fbdef7a83c4da274e1dfb3,86532936246759869909563954733130420453288003695560964566482181231108253829977,2026-06-27T10:06:25.255396Z,2026-07-03T18:00:00Z,2026-07-03 21:05:19+00,0,13172189.128250167
89,fifwc-par-fra-2026-07-04,home,Will Paraguay win on 2026-07-04?,0x184ca107b54330d8e47c581aebc31426e9063943edd4c98ddafe2eb01307f62b,5986488984275762288846227630442187818951318412322984320385279750603889532502,2026-07-01T10:03:23.53868Z,2026-07-04T21:00:00Z,2026-07-04 23:16:55+00,0,6130536.005131002
89,fifwc-par-fra-2026-07-04,draw,Will Paraguay vs. France end in a draw?,0x001649e0865024e6e86bc14c95de5dfd2dfec30513565d5cf3462faf9aa54d43,46583164088552628109006406225347745689461921407583150295364128401681303855693,2026-07-01T10:03:36.053773Z,2026-07-04T21:00:00Z,2026-07-04 23:16:55+00,0,3563507.4456620123
89,fifwc-par-fra-2026-07-04,away,Will France win on 2026-07-04?,0xad3441638abca4aa830cb997b7caea5f3c8b84be06b99173781cb9a47c5cbc5a,113891226639705983282066963484423345278150974279743795316461155085208879415201,2026-07-01T10:03:37.132855Z,2026-07-04T21:00:00Z,2026-07-04 23:19:49+00,1,13700917.396750243
90,fifwc-can-mar-2026-07-04,home,Will Canada win on 2026-07-04?,0xd510cba5f5ee6a45a3141d3d4a260b48e7d06bde072db95afe60c13b2f10d862,39829420117533150550184846325805706216027544339731400040170885335796384867455,2026-06-30T10:03:46.600404Z,2026-07-04T17:00:00Z,2026-07-04 19:17:25+00,0,11490388.328799505
90,fifwc-can-mar-2026-07-04,draw,Will Canada vs. Morocco end in a draw?,0x962c33d297cb9720835b5e5579a3d9f8bb0e0c97429d59ee01c70bc073c18d7f,102160917682664539054010256622493974769159216846456075685208964292484286267403,2026-06-30T10:03:52.632761Z,2026-07-04T17:00:00Z,2026-07-04 19:17:25+00,0,4119898.4146809536
90,fifwc-can-mar-2026-07-04,away,Will Morocco win on 2026-07-04?,0xa947b7c696453a288460a8e12aae31b854ca02d0b87970ffc259cec8a9fffcd2,102051736436656560797672629859737891705962543111476656351708851920203673046762,2026-06-30T10:03:52.360349Z,2026-07-04T17:00:00Z,2026-07-04 19:19:14+00,1,35432188.53751932
91,fifwc-bra-nor-2026-07-05,home,Will Brazil win on 2026-07-05?,0x2a0e8ce7c309ec8015c4c721dec574ff100b0512ef412a54bb733dc5bef740dc,105654713241167797590254709131417748215287316658191010694033065067279349239377,2026-07-01T10:03:40.226987Z,2026-07-05T20:00:00Z,2026-07-05 22:15:43+00,0,13711349.766059127
91,fifwc-bra-nor-2026-07-05,draw,Will Brazil vs. Norway end in a draw?,0x87030106adba59ce8ef007955073623da31f15fdf4655b96cf033fb9e57df694,20802374126416843639334054489053876827939271763615197682043793548486789042986,2026-07-01T10:03:46.2874Z,2026-07-05T20:00:00Z,2026-07-05 22:19:28+00,0,6292831.872055019
91,fifwc-bra-nor-2026-07-05,away,Will Norway win on 2026-07-05?,0xe6f040d202cefefe47bdc9d192303905418223fec440f96eb2abe98f3b701bd4,19270630777558640544547501118520831346147002509997851493750997099589698621398,2026-07-01T10:03:48.339163Z,2026-07-05T20:00:00Z,2026-07-05 22:23:25+00,1,11817524.37077899
92,fifwc-mex-eng-2026-07-05,home,Will Mexico win on 2026-07-05?,0x32046bdc03d13d916351bd2178cc20c5f268802d4ae60c0d8383ae91d2dd1d41,51911548599887870208512834589104874988746646324647658251485676564237334602135,2026-07-02T10:03:13.026322Z,2026-07-06T00:00:00Z,2026-07-06 03:18:50+00,0,14952162.835206179
92,fifwc-mex-eng-2026-07-05,draw,Will Mexico vs. England end in a draw?,0xcd5a126fcefcdfa03d8e25bfff3d3c4476100f630467622ec6d5fa7595c72636,41650247355939592794943171494077106157774707832652837173177374317921469209914,2026-07-02T10:03:18.990688Z,2026-07-06T00:00:00Z,2026-07-06 03:18:50+00,0,6055479.435872079
92,fifwc-mex-eng-2026-07-05,away,Will England win on 2026-07-05?,0x99f0c39e4235d840bd25d2c229b2cda57cc087b6b8c2780f804fffeed0d0c628,53791259745705726030589240827060759250615158391415011769641887216926825684479,2026-07-02T10:03:30.518981Z,2026-07-06T00:00:00Z,2026-07-06 03:22:25+00,1,17145306.784341436
93,fifwc-prt-esp-2026-07-06,home,Will Portugal win on 2026-07-06?,0x47a079b62e331859854eedaa3bddbfb41f3f8ed4063481ba956a6ed29b61bb88,5192239819945131266804252801981428616883815794825428562052730446971967802530,2026-07-03T10:06:15.781104Z,2026-07-06T19:00:00Z,2026-07-06 21:13:41+00,0,14683388.203758901
93,fifwc-prt-esp-2026-07-06,draw,Will Portugal vs. Spain end in a draw?,0x97d575b72f12355f393ac5dfd2258ba24c06fdbe5355451b8d59256dfc3748e6,77468978154746252186754362384998395549431983276046673742016654147362593379501,2026-07-03T10:06:11.669351Z,2026-07-06T19:00:00Z,2026-07-06 21:13:41+00,0,4164728.9582229475
93,fifwc-prt-esp-2026-07-06,away,Will Spain win on 2026-07-06?,0xb8c4eb2bc36fb256ac730f0d1d05cf5ff6649a7d8d5ed779544dfa068da1cd18,87143512590234629605431257080998414893198014883333299027317583597291917249311,2026-07-03T10:06:13.700901Z,2026-07-06T19:00:00Z,2026-07-06 21:19:50+00,1,13204480.785140388
94,fifwc-usa-bel-2026-07-06,home,Will United States win on 2026-07-06?,0xf5a0c2d5b6bf0a7b9899aaf4c6237b08e1dbf8d17430fac4de8468a6e2df2e0e,12543071273398745069375249451965314920040978384485189026440480252129098460445,2026-07-02T10:07:24.40295Z,2026-07-07T00:00:00Z,2026-07-07 02:10:44+00,0,17059652.406796068
94,fifwc-usa-bel-2026-07-06,draw,Will United States vs. Belgium end in a draw?,0x982941d6030e30ed0f56043622c52d71db557f6ef2774a11a06945248e7076ab,59186683917106781508840646814784183903801989090902543836226957447714849845978,2026-07-02T10:07:29.479682Z,2026-07-07T00:00:00Z,2026-07-07 02:10:44+00,0,3360886.632261977
94,fifwc-usa-bel-2026-07-06,away,Will Belgium win on 2026-07-06?,0x02103f049a5fe127c4ea03c9531772e82f3b9f5e9f5f30d67fda5b472fb56c17,76141439386499692279040322719837529255735670745305640408917612006545881065962,2026-07-02T10:07:33.641393Z,2026-07-07T00:00:00Z,2026-07-07 02:13:02+00,1,9380330.243092118
95,fifwc-arg-egy-2026-07-07,home,Will Argentina win on 2026-07-07?,0xa7b5b123f9fd38f83fbe19773a5d04e38208b370ca66be27b9688155e7b5c60a,87390712702935875353084647255226721799646621048501318482801979643152933271064,2026-07-04T10:06:26.358628Z,2026-07-07T16:00:00Z,2026-07-07 18:28:59+00,1,20802138.270757653
95,fifwc-arg-egy-2026-07-07,draw,Will Argentina vs. Egypt end in a draw?,0x4d39d238893ea8f7e0f4d53822a594129b9a98a1fc18744dab57351742e6a702,29252823886591163818892631827503025749306440692725158708119244431095401849247,2026-07-04T10:06:28.368417Z,2026-07-07T16:00:00Z,2026-07-07 18:26:41+00,0,6898604.835501048
95,fifwc-arg-egy-2026-07-07,away,Will Egypt win on 2026-07-07?,0x971eb98daab3a11a1dd3b76e14ae962f8e5980ec6a3d499529b5f19b75108d4a,115321303982678629228305623888886288749804075736763407098365012911341798952806,2026-07-04T10:06:31.446493Z,2026-07-07T16:00:00Z,2026-07-07 18:22:49+00,0,13315998.44800365
96,fifwc-che-col-2026-07-07,home,Will Switzerland win on 2026-07-07?,0xc51a08334e7c0865181a72dd8c94662cacf7fd8129c3e24da5fd0ead4bc0ca43,66569899468789141604730928852200840975457837449855481155211476611890307710677,2026-07-04T10:03:33.875122Z,2026-07-07T20:00:00Z,2026-07-07 23:07:43+00,0,15056425.09967799
96,fifwc-che-col-2026-07-07,draw,Will Switzerland vs. Colombia end in a draw?,0xe43caeeefb9438d44e3c73a10dddc88f3dd355daf89d0586f8e9c2369bbf762f,42380288660191542812245553421682685747542075745465207800717921959616754402501,2026-07-04T10:03:37.961018Z,2026-07-07T20:00:00Z,2026-07-07 23:11:41+00,1,11404160.054110978
96,fifwc-che-col-2026-07-07,away,Will Colombia win on 2026-07-07?,0xeb348b65a59bb2752d3dd10636d17de501df76a424e978e136d22e76d07c84e9,72753295727566659208677964635039361717871718602259295378609650323504626128275,2026-07-04T10:03:43.32147Z,2026-07-07T20:00:00Z,2026-07-07 23:07:43+00,0,17015796.39914403
97,fifwc-fra-mar-2026-07-09,home,Will France win on 2026-07-09?,0xc09537a0976d0927901432859fbb6dfe5d23d1d69bb4e8355253e7b142a44e83,59376244379747988336832016917908236721650516433890704080422157946407884434153,2026-07-05T10:04:21.734241Z,2026-07-09T20:00:00Z,2026-07-09 22:31:58+00,1,21875491.882710956
97,fifwc-fra-mar-2026-07-09,draw,Will France vs. Morocco end in a draw?,0x8a3ca97b10cab04b078e5a8ff0f88c3d406c9468d766f194e3e062aa72a9b539,46553311265357284100312037955579178961205885337560768277560718608306086924270,2026-07-05T10:04:24.78309Z,2026-07-09T20:00:00Z,2026-07-09 22:13:44+00,0,4547595.387228981
97,fifwc-fra-mar-2026-07-09,away,Will Morocco win on 2026-07-09?,0x17e6ca6b83b4937b4cd575f2acbbefa194b3d52b62e8af192feae6f1c38da0c1,14226508065870426054190705878267947981688371809768362929061594780236487316843,2026-07-05T10:04:37.086253Z,2026-07-09T20:00:00Z,2026-07-09 22:13:44+00,0,9213249.335347082
98,fifwc-esp-bel-2026-07-10,home,Will Spain win on 2026-07-10?,0x2c37e07b722442c2381fac76f8564d580660aa028066e08bad1b32bd11813e9d,114083367175349101587118456512209157494315102378898420654169806682644264287063,2026-07-07T10:07:22.501884Z,2026-07-10T19:00:00Z,2026-07-10 21:35:14+00,1,21403123.724798873
98,fifwc-esp-bel-2026-07-10,draw,Will Spain vs. Belgium end in a draw?,0xb025924a635da63f0fe25da502ba1b006cbe2797166be54ad6634c1c9891a798,113279756530825620298138806497651966059839483646018838321123245227908205380626,2026-07-07T10:07:46.08848Z,2026-07-10T19:00:00Z,2026-07-10 21:11:29+00,0,6452187.405441015
98,fifwc-esp-bel-2026-07-10,away,Will Belgium win on 2026-07-10?,0x36fca44fa14ee80f732b8c07f060f5f7f0eda41a01626409d178166156b4d6d1,113258140039729603259288671364749723242703790462413008421390186262563698386140,2026-07-07T10:07:33.365931Z,2026-07-10T19:00:00Z,2026-07-10 21:12:49+00,0,11081162.873585187
99,fifwc-nor-eng-2026-07-11,home,Will Norway win on 2026-07-11?,0x4b84a8e08cb3376c9e5be5cc5a37f7073de05cdf0810d2ad3fe745c4760ef3e0,101609312241167873882360947921080859853145865660281247946682387335776462114544,2026-07-06T10:03:34.767404Z,2026-07-11T21:00:00Z,2026-07-12 00:00:29+00,0,18513932.8140016
99,fifwc-nor-eng-2026-07-11,draw,Will Norway vs. England end in a draw?,0xdbbbbd6ea71cad296d859aa629497400402ab253a51350bddd5d761dbbad1460,69356014065023591601401540629477632179960561513202758818327214611100094905114,2026-07-06T10:03:48.843418Z,2026-07-11T21:00:00Z,2026-07-12 00:05:41+00,1,6995582.537243032
99,fifwc-nor-eng-2026-07-11,away,Will England win on 2026-07-11?,0x0f5e01cf1cabb6c49e424f230ca77a2ccd3e1ac63b31ae03ef749ac2bde7fa0e,866370305411260885620344443432925550941005016614412438009174244566837236043,2026-07-06T10:03:58.893877Z,2026-07-11T21:00:00Z,2026-07-12 00:00:37+00,0,22701021.18817368
100,fifwc-arg-che-2026-07-11,home,Will Argentina win on 2026-07-11?,0x95f726bbb693b945f94473908298b2389989550b08a7bfd90f97ce7ba62cb719,14635675870982897917581198649476127837975251193150495566552970565909631535281,2026-07-08T10:05:16.738882Z,2026-07-12T01:00:00Z,2026-07-12 03:57:59+00,0,20312069.978136703
100,fifwc-arg-che-2026-07-11,draw,Will Argentina vs. Switzerland end in a draw?,0x914abe14ed078456f247cc648e2ae1e9579150d85ddab7670266fa8fcd350889,77916360718126045401133554110154807394451430552706503353127448280368541580890,2026-07-08T10:05:13.969603Z,2026-07-12T01:00:00Z,2026-07-12 04:31:41+00,1,7921555.007364113
100,fifwc-arg-che-2026-07-11,away,Will Switzerland win on 2026-07-11?,0x8b10bf2ecb04c704ef0ade790087c530a85254d9fbdb70012310c828129cbd96,35737328415897350073008705151276154836361818348951962282389981878817300121168,2026-07-08T10:05:17.728155Z,2026-07-12T01:00:00Z,2026-07-12 03:59:58+00,0,6457923.172345942
101,fifwc-fra-esp-2026-07-14,home,Will France win on 2026-07-14?,0x20fac1c925b7a2fed6b3b2736f47a800b4d0d4001b9deaeb7b918868eb63d081,25312457392074064866955638920139332428292497556441446372623464789018436410183,2026-07-11T10:03:23.216548Z,2026-07-14T19:00:00Z,2026-07-14 21:16:02+00,0,32717593.783729352
101,fifwc-fra-esp-2026-07-14,draw,Will France vs. Spain end in a draw?,0x3b9204e0fcba9234e3eaca1a941a342e4ce82aeb4ba373c668f2e8a72f1d41de,21567767812902912757274126429598305388508024829091384968631705245381739645667,2026-07-11T10:03:25.223214Z,2026-07-14T19:00:00Z,2026-07-14 21:15:56+00,0,7480967.048757078
101,fifwc-fra-esp-2026-07-14,away,Will Spain win on 2026-07-14?,0xaa23528a8f30c7566c04c7bcd513440dc2d7645ae383f27a876dec5dc4881282,59701348329688999702254197580644416038122802547584947510322394691994999642374,2026-07-11T10:03:26.170537Z,2026-07-14T19:00:00Z,2026-07-14 21:21:10+00,1,11798411.896690112
102,fifwc-eng-arg-2026-07-15,home,Will England win on 2026-07-15?,0xbbb20aee74d8d120db212bc10c1fc915a412a758117a64ed6ff6f3948c2f7d66,62975583795498792086117213116943744194566684233762863056174017776352240969485,2026-07-12T10:03:27.210253Z,2026-07-15T19:00:00Z,2026-07-15 21:18:14+00,0,17582672.06301029
102,fifwc-eng-arg-2026-07-15,draw,Will England vs. Argentina end in a draw?,0xdf13369a5e77705a1d62214dde4617929c5875f6c52b62177ccb2ea27488b18f,26480993337079434490856133942482101351393348205667335284619584625389515346213,2026-07-12T10:03:30.053676Z,2026-07-15T19:00:00Z,2026-07-15 21:16:25+00,0,8395482.98219705
102,fifwc-eng-arg-2026-07-15,away,Will Argentina win on 2026-07-15?,0xadf4acda3ae836e6c4f6646eaa940c7934d1b97de2a8f7a51ff585139e8f693a,85633756210324151397822274959403676422451634259093065838612463900396751402106,2026-07-12T10:03:34.217428Z,2026-07-15T19:00:00Z,2026-07-15 21:22:10+00,1,12499621.520787006
103,fifwc-fra-eng-2026-07-18,home,Will France win on 2026-07-18?,0xc41f543ccb7a1a35a200c28096cc2e5c2351c54546087f4f6cf5c4ef3e0c1aa5,27017352779469567119021515174282416893555366624071034758236558815968401338728,2026-07-16T02:52:00.90295Z,2026-07-18T21:00:00Z,2026-07-18 23:19:33+00,0,21958455.592650715
103,fifwc-fra-eng-2026-07-18,draw,Will France vs. England end in a draw?,0x4822d1452ba17d280b2c271db0e58df7866c9b494040649ab6c6ae8bb7363b18,85239138404163331579594125846576574312907099172264868553957025875753281044940,2026-07-16T02:52:08.794619Z,2026-07-18T21:00:00Z,2026-07-18 23:14:45+00,0,7991336.484533009
103,fifwc-fra-eng-2026-07-18,away,Will England win on 2026-07-18?,0xaf767784230a131d5c4dc31e6b3cc4b4e898e03af20a75d5935a75100a76a46f,104204269101315799616235020335758894730330540969530162829399554926283403684718,2026-07-16T02:52:14.665427Z,2026-07-18T21:00:00Z,2026-07-18 23:25:00+00,1,12360628.707999052
104,fifwc-esp-arg-2026-07-19,home,Will Spain win on 2026-07-19?,0xdfbaae9f7587b11691c676d942f22b4ea9a9e3a68f7ca1d5d6bd4a1c967db23b,105042264974012349507628582341465372921413790307165600767293079103508862620927,2026-07-16T02:57:42.190653Z,2026-07-19T19:00:00Z,2026-07-19 22:21:03+00,0,20835093.762332156
104,fifwc-esp-arg-2026-07-19,draw,Will Spain vs. Argentina end in a draw?,0x51166276fa646ca50165f7d030c297138ed1d62dc41f6ffde21e962c44182074,92571123127402723974640575698896369187398878096159854165218788690275715186568,2026-07-16T02:58:07.119887Z,2026-07-19T19:00:00Z,2026-07-19 22:52:57+00,1,9115515.023500096
104,fifwc-esp-arg-2026-07-19,away,Will Argentina win on 2026-07-19?,0x0c9ea0b1503b95b499975674aefdbd6c235f68885f2a812e97ca96016b207e43,22596903656102431101396261359922941848858035376971300420659017295333613251025,2026-07-16T02:58:11.978838Z,2026-07-19T19:00:00Z,2026-07-19 22:21:00+00,0,17136118.76088532
