wc_match_id,date,stage,round,home_team,away_team,host_side,elo_home_pre,elo_away_pre,hgb_H,hgb_D,hgb_A,pois_H,pois_D,pois_A,ens_H,ens_D,ens_A,xg_home,xg_away,ft_home,ft_away,result_90,hgb_pick,pois_pick,ens_pick
1,2026-06-11,Group,Group A,Mexico,South Africa,home,1975.5,1661.7,0.8118539350777386,0.14088896870680206,0.047257096215459274,0.8207550674810423,0.12775350707347757,0.05149142544548016,0.8163045012793905,0.13432123789013983,0.04937426083046972,2.573129488979093,0.4978067603082598,2,0,H,H,H,H
2,2026-06-11,Group,Group A,South Korea,Czech Republic,none,1879.4,1805.6,0.41256560037919754,0.29591330036210267,0.2915210992586998,0.47767061145891176,0.25446722033971053,0.2678621682013778,0.44511810591905465,0.2751902603509066,0.2796916337300388,1.5398412115235645,1.0861902200151814,2,1,H,H,H,H
7,2026-06-12,Group,Group B,Canada,Bosnia and Herzegovina,home,1894.5,1652.3,0.725602357030694,0.17900153581503866,0.09539610715426734,0.757879690265602,0.16384794204786096,0.07827236768653703,0.741741023648148,0.17142473893144983,0.0868342374204022,2.256023550227257,0.5715394334740415,1,1,D,H,H,H
19,2026-06-12,Group,Group D,United States,Paraguay,home,1824.0,1917.9,0.3604400535318974,0.2763502051307041,0.36320974133739853,0.3901013638794517,0.28223847290896803,0.3276601632115803,0.3752707087056746,0.279294339019836,0.3454349522744894,1.2183170603923932,1.0915974801494441,4,1,H,A,H,H
8,2026-06-13,Group,Group B,Qatar,Switzerland,none,1564.5,1951.1,0.140986488779439,0.18181939439788108,0.6771941168226797,0.0701564442363329,0.13567768183189105,0.7941658739317762,0.10557146650788596,0.15874853811488607,0.735679995377228,0.6619508541232961,2.636103057621352,1,1,D,A,A,A
13,2026-06-13,Group,Group C,Brazil,Morocco,none,2068.5,1984.7,0.415322726596736,0.2923493751825048,0.29232789822075916,0.48976909506288985,0.25226386252586336,0.25796704241124674,0.45254591082981294,0.27230661885418406,0.27514747031600295,1.5683250509686357,1.0654820511607745,1,1,D,H,H,H
14,2026-06-13,Group,Group C,Haiti,Scotland,none,1696.0,1851.7,0.1997367771643318,0.25614496781305757,0.5441182550226107,0.22591480865386634,0.24123169655260318,0.5328534947935304,0.2128257929090991,0.24868833218283037,0.5384858749080705,1.0109080041420448,1.689838465173087,0,1,A,A,A,A
20,2026-06-13,Group,Group D,Australia,Turkey,none,1898.9,1973.8,0.2695327166286936,0.2840466523342084,0.44642063103709795,0.30626795450916666,0.2598968115743226,0.4338352339165108,0.28790033556893013,0.2719717319542655,0.4401279324768044,1.1723553275087566,1.4463294620032277,2,0,H,A,A,A
25,2026-06-14,Group,Group E,Germany,Curaçao,none,2000.1,1601.6,0.8090643865196206,0.13751297185381017,0.05342264162656921,0.830357906611898,0.116988254018592,0.05265383936951003,0.8197111465657594,0.1272506129362011,0.053038240498039624,2.7923210468055104,0.5813530838034691,7,1,H,H,H,H
26,2026-06-14,Group,Group E,Ivory Coast,Ecuador,none,1814.0,2026.3,0.17902287048386525,0.26523234419700337,0.5557447853191315,0.17720778175824536,0.22055470899366522,0.6022375092480894,0.1781153261210553,0.2428935265953343,0.5789911472836105,0.9112749827285942,1.8843846507881288,1,0,H,A,A,A
31,2026-06-14,Group,Group F,Netherlands,Japan,none,2009.1,1992.7,0.3684433581194592,0.2841006325056401,0.3474560093749007,0.408978609249131,0.26279515875385767,0.3282262319970112,0.38871098368429513,0.2734478956297489,0.33784112068595595,1.38583329840662,1.2133002664279295,2,2,D,H,H,H
32,2026-06-14,Group,Group F,Sweden,Tunisia,none,1775.0,1736.6,0.42209717598152297,0.27708932740526676,0.3008134966132104,0.4350965612426586,0.26049924662072416,0.3044041921366173,0.4285968686120908,0.26879428701299546,0.30260884437491387,1.4429994818749259,1.162871742973524,5,1,H,H,H,H
37,2026-06-15,Group,Group G,Belgium,Egypt,none,1944.2,1809.3,0.5098760902965328,0.2689700893649674,0.22115382033849976,0.5516137182395343,0.23785757693746012,0.2105287048230054,0.5307449042680336,0.2534138331512138,0.2158412625807526,1.7221616079309983,0.9657578435158038,1,1,D,H,H,H
38,2026-06-15,Group,Group G,Iran,New Zealand,none,1894.2,1717.4,0.6012405641023976,0.23360348241562348,0.16515595348197898,0.6018291406811254,0.22254750217757874,0.17562335714129604,0.6015348523917614,0.22807549229660112,0.17038965531163752,1.8597402499716602,0.8908697641951827,2,2,D,H,H,H
43,2026-06-15,Group,Group H,Spain,Cape Verde,none,2225.6,1652.3,0.8677174574202031,0.09956220591036082,0.03272033666943609,0.9383524689448074,0.04740930904900409,0.014238222006188388,0.9030349631825052,0.07348575747968245,0.023479279337812242,3.8480642325936447,0.4151175908708153,0,0,D,H,H,H
44,2026-06-15,Group,Group H,Saudi Arabia,Uruguay,none,1691.1,1974.2,0.14882640957485221,0.2432260662663283,0.6079475241588196,0.12589353252605087,0.1883788402633352,0.685727627210614,0.13735997105045156,0.21580245326483177,0.6468375756847168,0.8003003991768481,2.159718477091087,1,1,D,A,A,A
49,2026-06-16,Group,Group I,France,Senegal,none,2128.9,1912.6,0.5555332997014467,0.23056176645607776,0.21390493384247555,0.6480471855399865,0.2058026046386031,0.14615020982141042,0.6017902426207167,0.21818218554734042,0.18002757183194298,1.9997220139121743,0.8254954275428434,3,1,H,H,H,H
50,2026-06-16,Group,Group I,Iraq,Norway,none,1736.6,1983.4,0.14758368081292672,0.23875395268681882,0.6136623665002545,0.15079656566495145,0.20554175422819,0.6436616801068586,0.1491901232389391,0.2221478534575044,0.6286620233035566,0.8553008473672714,2.0141052977700205,1,4,A,A,A,A
55,2026-06-16,Group,Group J,Argentina,Algeria,none,2189.4,1883.2,0.6590125786758326,0.23806729023488446,0.10292013108928305,0.745561600977581,0.162684197139186,0.09175420188323317,0.7022870898267068,0.20037574368703523,0.09733716648625812,2.357810024284703,0.6943591007956738,3,0,H,H,H,H
56,2026-06-16,Group,Group J,Austria,Jordan,none,1884.8,1773.9,0.6246249820305384,0.19476721665108948,0.180607801318372,0.52262230749811,0.24524842233963173,0.2321292701622582,0.5736236447643241,0.2200078194953606,0.2063685357403151,1.6481923309932422,1.011326521118044,3,1,H,H,H,H
61,2026-06-17,Group,Group K,Portugal,DR Congo,none,2059.5,1762.5,0.6757060579065232,0.21183405776449538,0.11245988432898157,0.7361759972809248,0.16727791984983806,0.09654608286923735,0.7059410275937239,0.18955598880716673,0.10450298359910946,2.3183905762925496,0.7067631913427892,1,1,D,H,H,H
62,2026-06-17,Group,Group K,Uzbekistan,Colombia,none,1818.6,2063.0,0.1555953409068135,0.2427181638218887,0.6016864952712978,0.15256655811068204,0.2066442123216688,0.6407892295676492,0.1540809495087478,0.22468118807177875,0.6212378624194734,0.8591165736346007,2.004711713463754,1,3,A,A,A,A
67,2026-06-17,Group,Group L,England,Croatia,none,2094.4,1973.7,0.45157325677111687,0.276464599091036,0.2719621441378471,0.5343642925217251,0.24238719947977427,0.22324850799850054,0.49296877464642097,0.25942589928540516,0.24760532606817381,1.677725310221885,0.9926387577709186,4,2,H,H,H,H
68,2026-06-17,Group,Group L,Ghana,Panama,none,1623.8,1847.8,0.18737556293683827,0.27393104189913914,0.5386933951640227,0.1679589782689826,0.21563655638166954,0.6164044653493479,0.17766727060291043,0.24478379914040432,0.5775489302566853,0.8918885667578583,1.927423861618669,1,0,H,A,A,A
3,2026-06-18,Group,Group A,Czech Republic,South Africa,none,1781.9,1654.1,0.4906239300834293,0.27583511596051574,0.23354095395605504,0.5431226401707319,0.24013529899770758,0.21674206083156045,0.5168732851270805,0.2579852074791117,0.22514150739380773,1.700125686488343,0.9789080224654417,1,1,D,H,H,H
4,2026-06-18,Group,Group A,Mexico,South Korea,home,1983.1,1903.2,0.5715988426323132,0.2582211052294001,0.17018005213828666,0.5872466153771267,0.24039302479198676,0.17236035983088616,0.57942272900472,0.24930706501069344,0.17127020598458642,1.6757492906197655,0.7810224267788817,1,0,H,H,H,H
9,2026-06-18,Group,Group B,Switzerland,Bosnia and Herzegovina,none,1927.0,1675.0,0.6867635055141765,0.18231774629349912,0.1309187481923243,0.6881779730021208,0.18930571893368797,0.12251630806419128,0.6874707392581487,0.18581173261359354,0.1267175281282578,2.1347940491756376,0.770731812151091,4,1,H,H,H,H
10,2026-06-18,Group,Group B,Canada,Qatar,home,1871.8,1588.7,0.7651231609095236,0.16376627664945448,0.07111056244102196,0.7949971651055402,0.1430352011273865,0.06196763376707333,0.7800601630075319,0.15340073888842048,0.06653909810404765,2.432117048495903,0.5281615056723832,6,0,H,H,H,H
15,2026-06-19,Group,Group C,Scotland,Morocco,none,1869.1,1991.8,0.2311823879626026,0.2849197778105364,0.4838978342268611,0.25725879484709285,0.2505413534127853,0.4921998517401218,0.24422059140484773,0.26773056561166086,0.4880488429834915,1.0738917854863406,1.5859101515829936,0,1,A,A,A,A
16,2026-06-19,Group,Group C,Brazil,Haiti,none,2061.4,1678.6,0.7158998795672161,0.19316467109238886,0.090935449340395,0.8172683166866919,0.12453574687303598,0.05819593644027208,0.766584098126954,0.1588502089827124,0.07456569289033355,2.7134118500126,0.5991210798491924,3,0,H,H,H,H
21,2026-06-19,Group,Group D,United States,Australia,home,1875.5,1953.5,0.35512037828443704,0.27724156997191907,0.3676380517436439,0.40767890535772716,0.28100136041927737,0.3113197342229954,0.3813996418210821,0.2791214651955982,0.3394788929833197,1.254458541026594,1.0585934021047843,2,0,H,A,H,H
22,2026-06-19,Group,Group D,Turkey,Paraguay,none,1919.3,1866.3,0.4101193126227611,0.317968728363035,0.2719119590142039,0.4525435133884276,0.2583597943084967,0.28909669230307566,0.4313314130055943,0.2881642613357659,0.2805043256586398,1.4820899391895148,1.130682519410169,0,1,A,H,H,H
27,2026-06-20,Group,Group E,Germany,Ivory Coast,none,2011.8,1860.3,0.5440026856921495,0.24524417353225128,0.21075314077559917,0.5715902156978028,0.23213879352136663,0.19627099078083057,0.5577964506949762,0.23869148352680897,0.20351206577821487,1.7753282995227198,0.9354069125676533,2,1,H,H,H,H
28,2026-06-20,Group,Group E,Ecuador,Curaçao,none,1979.9,1590.0,0.8665332171847773,0.09364840881794659,0.03981837399727623,0.8233173520417324,0.12107045220085885,0.05561219575740896,0.8449252846132549,0.10735943050940272,0.0477152848773426,2.7491860233240946,0.590936240581313,0,0,D,H,H,H
33,2026-06-20,Group,Group F,Netherlands,Sweden,none,2007.6,1825.0,0.5995173466231754,0.26037379286898,0.14010886050784466,0.6087470294525346,0.22019911816197377,0.17105385238549164,0.604132188037855,0.2402864555154769,0.15558135644666815,1.8797898861775135,0.880893515512992,5,1,H,H,H,H
34,2026-06-20,Group,Group F,Tunisia,Japan,none,1686.5,1994.1,0.11445908225543511,0.2102787541910454,0.6752621635535195,0.11066367140933522,0.17618644409516354,0.7131498844955013,0.11256137683238517,0.19323259914310448,0.6942060240245105,0.7651178220104548,2.2641334692545567,0,4,A,A,A,A
39,2026-06-21,Group,Group G,Belgium,Iran,none,1933.1,1880.1,0.4100104082801036,0.30327772347165277,0.2867118682482436,0.4525228267752993,0.258362609238749,0.2891145639859516,0.43126661752770146,0.2808201663552009,0.2879132161170976,1.4820431237028198,1.1307200289954986,0,0,D,H,H,H
40,2026-06-21,Group,Group G,New Zealand,Egypt,none,1731.5,1820.4,0.239077330483877,0.2754853705759378,0.4854372989401851,0.291466941179385,0.25768552032195907,0.45084753849865594,0.265272135831631,0.26658544544894847,0.4681424187194205,1.1425278118268367,1.4860095155137436,1,3,A,A,A,A
45,2026-06-21,Group,Group H,Spain,Saudi Arabia,none,2197.8,1711.3,0.8280628407200278,0.1303186447421337,0.04161851453783859,0.8935133018646302,0.07795756474398532,0.028529133391384527,0.860788071292329,0.10413810474305951,0.03507382396461156,3.281389826064064,0.4907143652399912,4,0,H,H,H,H
46,2026-06-21,Group,Group H,Uruguay,Cape Verde,none,1954.1,1680.2,0.7180489572978075,0.17472661631359776,0.10722442638859477,0.7119496250760748,0.17870419847810567,0.10934617644581934,0.7149992911869412,0.17671540739585173,0.10828530141720705,2.2222653421192926,0.7389037126891279,2,2,D,H,H,H
51,2026-06-22,Group,Group I,France,Iraq,none,2149.1,1716.2,0.7686297799992037,0.1732234000685533,0.05814681993224302,0.8572213194696947,0.10092422617159873,0.04185445435870642,0.8129255497344492,0.13707381312007602,0.050000637145474716,2.9743322903854854,0.544050379899009,3,0,H,H,H,H
52,2026-06-22,Group,Group I,Norway,Senegal,none,2003.9,1892.5,0.4616300559666708,0.2984211147733383,0.239948829259991,0.5232031164846851,0.24511119072196827,0.2316856927933467,0.49241658622567797,0.2717661527476533,0.23581726102666883,1.6496402024459282,1.0103943510837212,3,2,H,H,H,H
57,2026-06-22,Group,Group J,Argentina,Austria,none,2204.7,1915.9,0.6770409207830554,0.22077521308414136,0.10218386613280331,0.7277107988662541,0.17134133484926192,0.10094786628448393,0.7023758598246548,0.19605827396670164,0.10156586620864362,2.2839223000704765,0.7179691342644327,2,0,H,H,H,H
58,2026-06-22,Group,Group J,Jordan,Algeria,none,1742.8,1867.8,0.21000554828980111,0.26059026794725426,0.5294041837629447,0.25502013777189086,0.2499683844350731,0.4950114777930359,0.232512843030846,0.25527932619116367,0.5122078307779903,1.0694035182856232,1.59290106465119,1,2,A,A,A,A
63,2026-06-23,Group,Group K,Portugal,Uzbekistan,none,2038.7,1800.9,0.6106860158298262,0.25097799898547646,0.13833598518469734,0.6723607568747276,0.1960200860432219,0.13161915708205063,0.6415233863522769,0.22349904251434918,0.134977571133374,2.0798288564416154,0.7921371258169471,5,0,H,H,H,H
64,2026-06-23,Group,Group K,Colombia,DR Congo,none,2080.7,1783.3,0.6802448629263056,0.19488459452137674,0.12487054255231764,0.7366188701363248,0.16706324816813406,0.09631788169554126,0.7084318665313152,0.1809739213447554,0.11059421212392945,2.32022153004871,0.706177477105967,1,0,H,H,H,H
69,2026-06-23,Group,Group L,England,Ghana,none,2124.3,1670.9,0.8043951207756014,0.14925538042930953,0.046349498795089185,0.8719518227905825,0.09178128102456816,0.03626689618484938,0.838173471783092,0.12051833072693885,0.04130819748996928,3.0886722881330892,0.522918922665437,0,0,D,H,H,H
70,2026-06-23,Group,Group L,Panama,Croatia,none,1800.8,1943.8,0.2252910754662667,0.27820648149432015,0.49650244303941315,0.23774249476947745,0.2450785080340294,0.5171789971964933,0.23151678511787208,0.2616424947641748,0.5068407201179532,1.0347242296634145,1.6490146853411953,0,1,A,A,A,A
5,2026-06-24,Group,Group A,Czech Republic,Mexico,away,1771.3,1998.8,0.08760552028829457,0.22508338756693252,0.6873110921447728,0.08476788322925885,0.17129616065498865,0.7439359561157524,0.08618670175877671,0.1981897741109606,0.7156235241302626,0.5878500967562027,2.196379536938191,0,3,A,A,A,A
6,2026-06-24,Group,Group A,South Africa,South Korea,none,1664.6,1887.4,0.18498337367993428,0.26816739350390356,0.5468492328161622,0.16886809013680168,0.21613557548281231,0.614996334380386,0.17692573190836797,0.24215148449335794,0.5809227835982741,0.893803366959691,1.9230876758634947,1,0,H,A,A,A
11,2026-06-24,Group,Group B,Switzerland,Canada,away,1946.9,1884.5,0.2741668561542844,0.3111395131412775,0.41469363070443804,0.2958030225487899,0.27925079168770256,0.4249461857635076,0.2849849393515371,0.29519515241449,0.41981990823397286,1.027483802168251,1.2905988697222681,2,1,H,A,A,A
12,2026-06-24,Group,Group B,Bosnia and Herzegovina,Qatar,none,1655.0,1576.0,0.45815603919032477,0.2925529187316612,0.2492910420780141,0.48393786596098065,0.2533519981986233,0.26271013584039593,0.4710469525756527,0.27295245846514227,0.256000588959205,1.5545382768775964,1.0754080978527936,3,1,H,H,H,H
17,2026-06-24,Group,Group C,Scotland,Brazil,none,1849.3,2071.9,0.20597111871182125,0.2612617320744699,0.5327671492137088,0.16903871223878564,0.2162288462557475,0.6147324415054669,0.18750491547530346,0.2387452891651087,0.5737497953595878,0.8941625020277654,1.9222765119802068,0,3,A,A,A,A
18,2026-06-24,Group,Group C,Morocco,Haiti,none,2011.6,1668.2,0.7635369528707381,0.16187694933804408,0.07458609779121778,0.7819359483233871,0.1440065541891984,0.0740574974874145,0.7727364505970626,0.15294175176362124,0.07432179763931614,2.5244733925367715,0.6462983910230519,4,2,H,H,H,H
23,2026-06-25,Group,Group D,Turkey,United States,away,1884.7,1917.7,0.22622956147037515,0.2724595792488097,0.5013108592808151,0.20900496072045316,0.25732147576570896,0.5336735635138379,0.21761726109541416,0.26489052750725933,0.5174922113973265,0.8550093491087698,1.5373779178650973,3,2,H,A,A,A
24,2026-06-25,Group,Group D,Paraguay,Australia,none,1900.8,1911.3,0.3223945294253545,0.288006195568403,0.38959927500624236,0.3776909062809625,0.2640279194238163,0.3582811742952211,0.35004271785315855,0.27601705749610966,0.37394022465073173,1.3191736698178738,1.2777681855771503,0,0,D,A,H,A
29,2026-06-25,Group,Group E,Curaçao,Ivory Coast,none,1614.2,1842.6,0.14144780577748778,0.15632141245953918,0.702230781762973,0.16454465362902515,0.21373125594766276,0.6217240904233121,0.15299622970325646,0.18502633420360098,0.6619774360931425,0.8846779120727782,1.943925531565407,0,2,A,A,A,A
30,2026-06-25,Group,Group E,Ecuador,Germany,none,1955.7,2029.5,0.29144180899819633,0.28968895020480495,0.4188692407969986,0.30740263617664354,0.26004567731425743,0.43255168650909903,0.2994222225874199,0.2748673137595312,0.4257104636530488,1.1746475209376717,1.443365571313302,2,1,H,A,A,A
35,2026-06-25,Group,Group F,Japan,Sweden,none,2010.5,1795.9,0.6679946911491464,0.2001256726732794,0.13187963617757414,0.6460144513225043,0.2065905306361907,0.14739501804130484,0.6570045712358255,0.20335810165473506,0.1396373271094395,1.9932447127673774,0.8283128765562027,1,1,D,H,H,H
36,2026-06-25,Group,Group F,Tunisia,Netherlands,none,1670.1,2036.8,0.1186594768954136,0.19059283414311481,0.6907476889614717,0.07919626797587306,0.14592138131845603,0.7748823507056709,0.09892787243564333,0.16825710773078542,0.7328150198335712,0.6866194430312405,2.536730430937899,1,3,A,A,A,A
41,2026-06-26,Group,Group G,Egypt,Iran,none,1854.2,1884.7,0.3251250057917269,0.2826610245609331,0.39221396964734,0.3549191595397062,0.2638126718850435,0.3812681685752502,0.34002208266571654,0.2732368482229883,0.38674106911129513,1.2716867060150137,1.32792397062773,1,1,D,A,A,A
42,2026-06-26,Group,Group G,New Zealand,Belgium,none,1697.8,1928.6,0.13768036041351017,0.22263925075882668,0.6396803888276632,0.16273518806862786,0.2127013132814662,0.6245634986499062,0.15020777424106901,0.21767028202014643,0.6321219437387847,0.8808437314267601,1.9528129012988167,1,5,A,A,A,A
47,2026-06-26,Group,Group H,Cape Verde,Saudi Arabia,none,1699.9,1704.9,0.34471984302637265,0.2864585727481347,0.3688215842254926,0.38408939474562365,0.2639160802333045,0.35199452502107176,0.3644046188859982,0.2751873264907196,0.3604080546232822,1.332662578070287,1.2641891007928698,0,0,D,A,H,H
48,2026-06-26,Group,Group H,Uruguay,Spain,none,1934.3,2204.2,0.13523023788900057,0.22180634747976258,0.6429634146312369,0.13464096848318324,0.1947747501873082,0.6705842813295086,0.1349356031860919,0.20829054883353537,0.6567738479803727,0.8199290302494785,2.1054534048554783,0,1,A,A,A,A
53,2026-06-26,Group,Group I,Norway,France,none,2024.6,2157.1,0.2206027156799313,0.2839239085975839,0.49547337572248495,0.24772479538217565,0.2480060398967428,0.5042691647210815,0.23416375553105348,0.26596497424716337,0.49987127022178324,1.0547712014052513,1.6161159591659482,1,4,A,A,A,A
54,2026-06-26,Group,Group I,Senegal,Iraq,none,1871.8,1708.2,0.58642874871253,0.2306403079267399,0.18293094336073007,0.5861757387370239,0.22765078047788717,0.18617348078508913,0.5863022437247769,0.22914554420231353,0.18455221207290962,1.815414947765224,0.9137271523850657,5,0,H,H,H,H
59,2026-06-27,Group,Group J,Algeria,Austria,none,1887.4,1901.6,0.3359093704568236,0.2878589542495367,0.3762316752936397,0.3735541688867586,0.2640606597315484,0.36238517138169296,0.3547317696717911,0.27595980699054257,0.36930842333766634,1.3104886737675714,1.2866629213292202,3,3,D,A,H,A
60,2026-06-27,Group,Group J,Jordan,Argentina,none,1723.1,2219.1,0.05086070783400285,0.07883292787093302,0.8703063642950641,0.033322618400771206,0.08339399777726592,0.8832833838219629,0.04209166311738703,0.08111346282409947,0.8767948740585135,0.5416883071066816,3.253943522654321,1,3,A,A,A,A
65,2026-06-27,Group,Group K,Colombia,Portugal,none,2089.9,2063.0,0.3723494757507242,0.2826014785406179,0.34504904570865796,0.4213954751210133,0.2618424319864278,0.31676209289255913,0.39687247543586873,0.2722219552635229,0.33090556930060855,1.4128214248166058,1.1889716877076846,0,0,D,H,H,H
66,2026-06-27,Group,Group K,DR Congo,Uzbekistan,none,1774.1,1776.6,0.35631038947055677,0.2564639794186459,0.38722563111079733,0.38702315962472283,0.26384023573966736,0.3491366046356099,0.3716667745476398,0.26015210757915663,0.3681811178732036,1.338870676844012,1.2580337338896217,3,1,H,A,H,H
71,2026-06-27,Group,Group L,Panama,England,none,1782.5,2098.4,0.13224463143373888,0.20011604547832054,0.6676393230879405,0.10577254606777911,0.17196098736697296,0.722266466565248,0.119008588750759,0.18603851642264674,0.6949528948265942,0.7534961516649014,2.3008219192680577,0,2,A,A,A,A
72,2026-06-27,Group,Group L,Croatia,Ghana,none,1962.1,1696.8,0.6863344253779408,0.1960002052736349,0.11766536934842423,0.7027053399643515,0.18289922279112655,0.11439543724452189,0.6945198826711461,0.18944971403238073,0.11603040329647306,2.187506636198722,0.7512389333433563,2,1,H,H,H,H
73,2026-06-28,Knockout,Round of 32,South Africa,Canada,none,1711.6,1851.2,0.231786884683547,0.27824436036317834,0.4899687549532746,0.24090599422294648,0.24603720365012344,0.5130568021269301,0.23634643945324674,0.2621407820066509,0.5015127785401023,1.0410815048717132,1.6384412371212527,0,1,A,A,A,A
74,2026-06-29,Knockout,Round of 32,Germany,Paraguay,none,1993.2,1901.7,0.4464056240372544,0.29712004838044476,0.25647432758230077,0.4990127468106851,0.25044053586564025,0.2505467173236745,0.4727091854239698,0.2737802921230425,0.25351052245298766,1.5904101177635255,1.0499490208114437,1,1,D,H,H,H
75,2026-06-29,Knockout,Round of 32,Netherlands,Morocco,none,2046.5,2022.6,0.3797792203708739,0.28824041978150516,0.3319803598476209,0.4178864074016285,0.26213751664616575,0.31997607595220556,0.39883281388625125,0.2751889682138354,0.3259782178999132,1.4051608741017727,1.195779966300102,1,1,D,H,H,H
76,2026-06-29,Knockout,Round of 32,Brazil,Japan,none,2094.7,1994.0,0.4798856281425125,0.27419091329742384,0.24592345856006367,0.510249721112734,0.24806409016001887,0.24168618872724695,0.49506767462762324,0.26112750172872135,0.2438048236436553,1.6176563076884136,1.0313848462885482,2,1,H,H,H,H
77,2026-06-30,Knockout,Round of 32,France,Sweden,none,2190.5,1812.4,0.718715095244806,0.19655098738625734,0.08473391736893654,0.8132293440576099,0.12682799681805562,0.05994265912433444,0.765972219651208,0.1616894921021565,0.07233828824663549,2.690145688797401,0.6045639764502113,3,0,H,H,H,H
78,2026-06-30,Knockout,Round of 32,Ivory Coast,Norway,none,1861.7,1991.2,0.22313858968405326,0.27569246530114094,0.5011689450148058,0.25065111679055063,0.24881082816024871,0.5005380550492003,0.23689485323730194,0.26225164673069484,0.5008535000320031,1.0606418972884049,1.6067229355443502,1,2,A,A,A,A
79,2026-06-30,Knockout,Round of 32,Mexico,Ecuador,home,2012.7,1991.9,0.47563292823776293,0.2996728634334171,0.22469420832881992,0.5196583130531998,0.2611228767714118,0.21921881017538844,0.49764562064548135,0.28039787010241446,0.2219565092521042,1.5033050288061132,0.8753727590627974,2,0,H,H,H,H
80,2026-07-01,Knockout,Round of 32,England,DR Congo,none,2111.0,1819.4,0.6748267569837403,0.21762868870378047,0.10754455431247936,0.7305672178844334,0.1699786936658913,0.09945408844967546,0.7026969874340868,0.19380369118483587,0.10349932138107741,2.2954422840481774,0.7141855012047809,2,1,H,H,H,H
81,2026-07-01,Knockout,Round of 32,United States,Bosnia and Herzegovina,home,1876.7,1690.0,0.7012101512220958,0.1937486155164689,0.10504123326143536,0.7032699988966831,0.1918462085618241,0.10488379254149266,0.7022400750593895,0.19279741203914652,0.10496251290146401,2.0382242871145677,0.6358450778486701,2,0,H,H,H,H
82,2026-07-01,Knockout,Round of 32,Belgium,Senegal,none,1952.1,1905.4,0.4367519724003208,0.27907613926106567,0.28417188833861357,0.444990044986014,0.2593440314099105,0.2956659236040754,0.4408710086931674,0.26921008533548807,0.2899189059713445,1.4650708554019993,1.14448054402983,2,2,D,H,H,H
83,2026-07-02,Knockout,Round of 32,Portugal,Croatia,none,2065.3,1972.8,0.4371876046677313,0.29769675011704383,0.26511564521522485,0.5003316104310753,0.2501706485658472,0.24949774100307753,0.4687596075494033,0.2739336993414455,0.2573066931091512,1.59358487109141,1.0477524064979225,2,1,H,H,H,H
84,2026-07-02,Knockout,Round of 32,Spain,Austria,none,2214.7,1900.3,0.6777568681955067,0.22618943001809427,0.0960537017863991,0.7537414990914052,0.1586049411694204,0.08765355973917432,0.715749183643456,0.19239718559375735,0.09185363076278671,2.3932710242946458,0.683558362267498,3,0,H,H,H,H
85,2026-07-02,Knockout,Round of 32,Switzerland,Algeria,none,1980.1,1888.7,0.45024457441558724,0.29658876829387903,0.2531666572905338,0.49905986269032554,0.25043093590172544,0.25050920140794897,0.47465221855295636,0.2735098520978022,0.2518379293492414,1.590523430912309,1.0498704646576529,2,0,H,H,H,H
86,2026-07-03,Knockout,Round of 32,Argentina,Cape Verde,none,2224.0,1700.3,0.8295123315890448,0.12813736815602397,0.04235030025493118,0.9147902356307575,0.0637797529010572,0.02143001146818544,0.8721512836099011,0.09595856052854058,0.031890155861558314,3.513161093129795,0.4567731391418245,1,1,D,H,H,H
87,2026-07-03,Knockout,Round of 32,Colombia,Ghana,none,2087.6,1686.1,0.7374468456808885,0.1773867982934748,0.08516635602563671,0.8328593875498956,0.11552515740237979,0.05161545504772454,0.785153116615392,0.1464559778479273,0.06839090553668062,2.8080584659829704,0.5779318821015068,1,0,H,H,H,H
88,2026-07-03,Knockout,Round of 32,Australia,Egypt,none,1910.4,1856.8,0.41434503278618773,0.29929067613087307,0.2863642910829392,0.4533457399689267,0.25825012845097794,0.28840413158009537,0.4338453863775572,0.27877040229092553,0.28738421133151726,1.4839063276147422,1.1292290626815111,1,1,D,H,H,H
89,2026-07-04,Knockout,Round of 16,Paraguay,France,none,1909.5,2201.2,0.13751744911724537,0.23023149887169225,0.6322510520110625,0.12038305503812813,0.18412867492287874,0.695488270038993,0.12895025207768673,0.2071800868972855,0.6638696610250278,0.7877310627353402,2.195924189502381,0,1,A,A,A,A
90,2026-07-04,Knockout,Round of 16,Canada,Morocco,none,1869.8,2024.7,0.18984337328455447,0.2609070932440426,0.549249533471403,0.22665889398528022,0.24148616937955616,0.5318549366351639,0.20825113363491735,0.25119663131179937,0.5405522350532834,1.0124089344172933,1.6872075544565452,0,3,A,A,A,A
91,2026-07-05,Knockout,Round of 16,Brazil,Norway,none,2116.2,2010.5,0.4599583904400654,0.2685593064805561,0.27148230307937854,0.5163667767201874,0.24669782482720173,0.2369353984526107,0.48816258358012643,0.2576285656538789,0.25420885076599464,1.6326810147406707,1.0214193866798347,1,2,A,H,H,H
92,2026-07-05,Knockout,Round of 16,Mexico,England,home,2042.6,2120.4,0.38125267708029703,0.2899793293511023,0.32876799356860065,0.40784668052422707,0.28098686482452656,0.31116645465124626,0.39454967880226205,0.28548309708781444,0.31996722410992345,1.2548065463652807,1.0582850777518673,2,3,A,H,H,H
93,2026-07-06,Knockout,Round of 16,Portugal,Spain,none,2087.5,2229.5,0.21852264129272644,0.28063710052685537,0.5008402581804182,0.2387291889808712,0.24538064428618617,0.5158901667329427,0.2286259151367988,0.26300887240652077,0.5083652124566804,1.0367075417420024,1.645701765002744,0,1,A,A,A,A
94,2026-07-06,Knockout,Round of 16,United States,Belgium,home,1891.2,1948.1,0.40955098303704246,0.30151168512113874,0.2889373318418188,0.4312017542351797,0.2784901502326661,0.2903080955321543,0.42037636863611105,0.2900009176769024,0.28962271368698655,1.303860833229969,1.0165111184620703,1,4,A,H,H,H
95,2026-07-07,Knockout,Round of 16,Argentina,Egypt,none,2196.8,1861.4,0.6864134451774977,0.21780624324289952,0.09578031157960273,0.7743242431929191,0.14802977873836193,0.07764597806871891,0.7303688441852084,0.1829180109906307,0.08671314482416081,2.487564234668066,0.6563729584027596,3,2,H,H,H,H
96,2026-07-07,Knockout,Round of 16,Switzerland,Colombia,none,2013.6,2093.0,0.25365051357761953,0.28779836955332017,0.4585511168690603,0.30144904531654104,0.25923218490614713,0.4393187697773116,0.27754977944708026,0.2735152772297337,0.44893494332318595,1.1626300390996682,1.4590378848831187,0,0,D,A,A,A
97,2026-07-09,Knockout,Quarter-final,France,Morocco,none,2210.6,2055.2,0.5205070088890903,0.2542035973962587,0.22528939371465098,0.5763589768697219,0.23070011189046874,0.19294091123980925,0.5484329928794061,0.24245185464336372,0.20911515247723012,1.7883116671280301,0.928276118006449,2,0,H,H,H,H
98,2026-07-10,Knockout,Quarter-final,Spain,Belgium,none,2247.8,2007.1,0.5714807062303932,0.23333379002115626,0.19518550374845062,0.6756764529889067,0.19463527686613263,0.12968827014496068,0.6235785796096499,0.21398453344364443,0.16243688694670566,2.091153637025265,0.7876325114170634,2,1,H,H,H,H
99,2026-07-11,Knockout,Quarter-final,Norway,England,none,2049.3,2152.4,0.22292699473576402,0.29964560572147464,0.4774273995427614,0.27696683951722745,0.25501629927117875,0.4680168612115938,0.24994691712649575,0.27733095249632667,0.4727221303771776,1.1134049759339388,1.526856250243878,1,1,D,A,A,A
100,2026-07-11,Knockout,Quarter-final,Argentina,Switzerland,none,2204.4,2020.3,0.5564668100200835,0.22557232575923986,0.21796086422067673,0.6104694014127506,0.21960565641500182,0.16992494217224774,0.583468105716417,0.22258899108712082,0.19394290319646224,1.8848276238096453,0.8784210474113061,1,1,D,H,H,H
101,2026-07-14,Knockout,Semi-final,France,Spain,none,2236.7,2259.8,0.3284012676794992,0.28323080161918734,0.3883679307013136,0.3632876965723566,0.2640051597614943,0.3727071436661491,0.3458444821259279,0.2736179806903408,0.38053753718373134,1.2890492704512406,1.309146261062791,0,2,A,A,A,A
102,2026-07-15,Knockout,Semi-final,England,Argentina,none,2143.7,2189.8,0.3075026070966145,0.2727441974964467,0.41975319540693884,0.33749028417569027,0.262972582255834,0.39953713356847564,0.3224964456361524,0.2678583898761403,0.40964516448770727,1.2358178546330596,1.368430232875015,1,2,A,A,A,A
103,2026-07-18,Knockout,Match for third place,France,England,none,2194.7,2117.7,0.4160719890074017,0.3045286575372602,0.27939935345533795,0.4815489272902277,0.2537837633824782,0.2646673093272941,0.4488104581488147,0.2791562104598692,0.272033331391316,1.5489215619206576,1.0795038935231267,4,6,A,H,H,H
104,2026-07-19,Knockout,Final,Spain,Argentina,none,2301.8,2215.9,0.43329648846681174,0.2979399777272819,0.2687635338059064,0.4923724618142406,0.2517624889605273,0.2558650492252322,0.46283447514052617,0.2748512333439046,0.2623142915155693,1.5745160502163167,1.0610826920153533,0,0,D,H,H,H
