wc_match_id,date,stage,round,home_team,away_team,host_side,elo_home_pre,elo_away_pre,hgb_H,hgb_D,hgb_A,pois_H,pois_D,pois_A,ens_H,ens_D,ens_A,xg_home,xg_away,ft_home,ft_away,result_90,hgb_pick,pois_pick,ens_pick,px_A,px_D,px_H,overround,mkt_H,mkt_D,mkt_A,mkt_pick,hours_before_kickoff,volume_usd,n_price_points,kick_ts,match_no,edge_H,edge_D,edge_A,edge_pick,max_edge_outcome,max_edge
1,2026-06-11,Group,Group A,Mexico,South Africa,home,1975.5,1661.7,0.8118539350777386,0.14088896870680206,0.047257096215459274,0.8207550674810423,0.12775350707347757,0.05149142544548016,0.8163045012793905,0.13432123789013983,0.04937426083046972,2.573129488979093,0.4978067603082598,2,0,H,H,H,H,0.105,0.205,0.685,0.995,0.6884422110552765,0.20603015075376882,0.10552763819095477,H,6.998888888888889,15053443.620278258,322,1781204400,1,0.127862290224114,-0.07170891286362899,-0.056153377360485056,0.127862290224114,H,0.127862290224114
2,2026-06-11,Group,Group A,South Korea,Czech Republic,none,1879.4,1805.6,0.41256560037919754,0.29591330036210267,0.2915210992586998,0.47767061145891176,0.25446722033971053,0.2678621682013778,0.44511810591905465,0.2751902603509066,0.2796916337300388,1.5398412115235645,1.0861902200151814,2,1,H,H,H,H,0.315,0.315,0.375,1.005,0.373134328358209,0.31343283582089554,0.31343283582089554,H,1.9976851851851851,15558013.589003459,324,1781229600,2,0.07198377756084567,-0.03824257546998894,-0.03374120209085674,0.07198377756084567,H,0.07198377756084567
7,2026-06-12,Group,Group B,Canada,Bosnia and Herzegovina,home,1894.5,1652.3,0.725602357030694,0.17900153581503866,0.09539610715426734,0.757879690265602,0.16384794204786096,0.07827236768653703,0.741741023648148,0.17142473893144983,0.0868342374204022,2.256023550227257,0.5715394334740415,1,1,D,H,H,H,0.205,0.275,0.535,1.0150000000000001,0.5270935960591132,0.270935960591133,0.20197044334975367,H,6.998333333333332,18697246.415513434,319,1781290800,3,0.21464742758903477,-0.09951122165968318,-0.11513620592935148,0.21464742758903477,H,0.21464742758903477
19,2026-06-12,Group,Group D,United States,Paraguay,home,1824.0,1917.9,0.3604400535318974,0.2763502051307041,0.36320974133739853,0.3901013638794517,0.28223847290896803,0.3276601632115803,0.3752707087056746,0.279294339019836,0.3454349522744894,1.2183170603923932,1.0915974801494441,4,1,H,A,H,H,0.235,0.295,0.465,0.995,0.46733668341708545,0.2964824120603015,0.23618090452261306,H,0.9982407407407408,39314225.7708813,344,1781312400,4,-0.09206597471141087,-0.01718807304046549,0.10925404775187633,-0.09206597471141087,A,0.10925404775187633
8,2026-06-13,Group,Group B,Qatar,Switzerland,none,1564.5,1951.1,0.140986488779439,0.18181939439788108,0.6771941168226797,0.0701564442363329,0.13567768183189105,0.7941658739317762,0.10557146650788596,0.15874853811488607,0.735679995377228,0.6619508541232961,2.636103057621352,1,1,D,A,A,A,0.815,0.135,0.0595,1.0095,0.05894006934125804,0.1337295690936107,0.8073303615651312,A,6.996851851851852,15599199.601551002,327,1781377200,5,0.04663139716662792,0.025018969021275372,-0.07165036618790321,-0.07165036618790321,H,0.04663139716662792
13,2026-06-13,Group,Group C,Brazil,Morocco,none,2068.5,1984.7,0.415322726596736,0.2923493751825048,0.29232789822075916,0.48976909506288985,0.25226386252586336,0.25796704241124674,0.45254591082981294,0.27230661885418406,0.27514747031600295,1.5683250509686357,1.0654820511607745,1,1,D,H,H,H,0.165,0.255,0.575,0.995,0.5778894472361809,0.2562814070351759,0.1658291457286432,H,9.997037037037037,26089929.591100655,332,1781388000,6,-0.12534353640636792,0.016025211819008178,0.10931832458735974,-0.12534353640636792,A,0.10931832458735974
14,2026-06-13,Group,Group C,Haiti,Scotland,none,1696.0,1851.7,0.1997367771643318,0.25614496781305757,0.5441182550226107,0.22591480865386634,0.24123169655260318,0.5328534947935304,0.2128257929090991,0.24868833218283037,0.5384858749080705,1.0109080041420448,1.689838465173087,0,1,A,A,A,A,0.615,0.205,0.165,0.985,0.16751269035532995,0.2081218274111675,0.6243654822335025,A,0.9967592592592593,24714463.224676102,329,1781398800,7,0.045313102553769136,0.040566504771662876,-0.08587960732543198,-0.08587960732543198,H,0.045313102553769136
20,2026-06-13,Group,Group D,Australia,Turkey,none,1898.9,1973.8,0.2695327166286936,0.2840466523342084,0.44642063103709795,0.30626795450916666,0.2598968115743226,0.4338352339165108,0.28790033556893013,0.2719717319542655,0.4401279324768044,1.1723553275087566,1.4463294620032277,2,0,H,A,A,A,0.575,0.255,0.175,1.005,0.17412935323383086,0.2537313432835821,0.5721393034825871,A,3.9975,22064408.397174224,327,1781409600,8,0.11377098233509927,0.018240388670683394,-0.13201137100578275,-0.13201137100578275,H,0.11377098233509927
25,2026-06-14,Group,Group E,Germany,Curaçao,none,2000.1,1601.6,0.8090643865196206,0.13751297185381017,0.05342264162656921,0.830357906611898,0.116988254018592,0.05265383936951003,0.8197111465657594,0.1272506129362011,0.053038240498039624,2.7923210468055104,0.5813530838034691,7,1,H,H,H,H,0.0215,0.0405,0.9415,1.0035,0.9382162431489786,0.04035874439461883,0.02142501245640259,H,4.997592592592592,25533392.546123333,343,1781456400,9,-0.11850509658321917,0.08689186854158226,0.031613228041637034,-0.11850509658321917,D,0.08689186854158226
26,2026-06-14,Group,Group E,Ivory Coast,Ecuador,none,1814.0,2026.3,0.17902287048386525,0.26523234419700337,0.5557447853191315,0.17720778175824536,0.22055470899366522,0.6022375092480894,0.1781153261210553,0.2428935265953343,0.5789911472836105,0.9112749827285942,1.8843846507881288,1,0,H,A,A,A,0.375,0.335,0.295,1.005,0.2935323383084577,0.33333333333333337,0.373134328358209,A,10.997962962962964,16083533.820008995,347,1781478000,10,-0.11541701218740241,-0.09043980673799906,0.20585681892540147,0.20585681892540147,A,0.20585681892540147
31,2026-06-14,Group,Group F,Netherlands,Japan,none,2009.1,1992.7,0.3684433581194592,0.2841006325056401,0.3474560093749007,0.408978609249131,0.26279515875385767,0.3282262319970112,0.38871098368429513,0.2734478956297489,0.33784112068595595,1.38583329840662,1.2133002664279295,2,2,D,H,H,H,0.265,0.275,0.475,1.0150000000000001,0.4679802955665024,0.270935960591133,0.2610837438423645,H,7.998148148148148,28412937.439626627,328,1781467200,11,-0.07926931188220726,0.002511935038615909,0.07675737684359146,-0.07926931188220726,A,0.07675737684359146
32,2026-06-14,Group,Group F,Sweden,Tunisia,none,1775.0,1736.6,0.42209717598152297,0.27708932740526676,0.3008134966132104,0.4350965612426586,0.26049924662072416,0.3044041921366173,0.4285968686120908,0.26879428701299546,0.30260884437491387,1.4429994818749259,1.162871742973524,5,1,H,H,H,H,0.205,0.285,0.515,1.0050000000000001,0.5124378109452736,0.28358208955223874,0.20398009950248752,H,1.997777777777778,21842942.19842572,336,1781488800,12,-0.08384094233318284,-0.014787802539243278,0.09862874487242634,-0.08384094233318284,A,0.09862874487242634
37,2026-06-15,Group,Group G,Belgium,Egypt,none,1944.2,1809.3,0.5098760902965328,0.2689700893649674,0.22115382033849976,0.5516137182395343,0.23785757693746012,0.2105287048230054,0.5307449042680336,0.2534138331512138,0.2158412625807526,1.7221616079309983,0.9657578435158038,1,1,D,H,H,H,0.155,0.235,0.615,1.005,0.6119402985074628,0.2338308457711443,0.15422885572139305,H,6.998425925925925,35997260.1513378,341,1781550000,13,-0.08119539423942923,0.0195829873800695,0.061612406859359536,-0.08119539423942923,A,0.061612406859359536
38,2026-06-15,Group,Group G,Iran,New Zealand,none,1894.2,1717.4,0.6012405641023976,0.23360348241562348,0.16515595348197898,0.6018291406811254,0.22254750217757874,0.17562335714129604,0.6015348523917614,0.22807549229660112,0.17038965531163752,1.8597402499716602,0.8908697641951827,2,2,D,H,H,H,0.195,0.275,0.535,1.0050000000000001,0.5323383084577115,0.2736318407960199,0.19402985074626863,H,0.9965740740740742,32750104.13143872,341,1781571600,14,0.06919654393404995,-0.04555634849941875,-0.02364019543463111,0.06919654393404995,H,0.06919654393404995
43,2026-06-15,Group,Group H,Spain,Cape Verde,none,2225.6,1652.3,0.8677174574202031,0.09956220591036082,0.03272033666943609,0.9383524689448074,0.04740930904900409,0.014238222006188388,0.9030349631825052,0.07348575747968245,0.023479279337812242,3.8480642325936447,0.4151175908708153,0,0,D,H,H,H,0.0255,0.0605,0.915,1.0010000000000001,0.914085914085914,0.06043956043956043,0.02547452547452547,H,3.9982407407407408,32517721.745509636,360,1781539200,15,-0.011050950903408796,0.013046197040122012,-0.0019952461367132267,-0.011050950903408796,D,0.013046197040122012
44,2026-06-15,Group,Group H,Saudi Arabia,Uruguay,none,1691.1,1974.2,0.14882640957485221,0.2432260662663283,0.6079475241588196,0.12589353252605087,0.1883788402633352,0.685727627210614,0.13735997105045156,0.21580245326483177,0.6468375756847168,0.8003003991768481,2.159718477091087,1,1,D,A,A,A,0.665,0.225,0.115,1.0050000000000001,0.1144278606965174,0.22388059701492535,0.6616915422885572,A,9.998611111111112,25779673.353752725,341,1781560800,16,0.02293211035393415,-0.00807814375009358,-0.014853966603840418,-0.014853966603840418,H,0.02293211035393415
49,2026-06-16,Group,Group I,France,Senegal,none,2128.9,1912.6,0.5555332997014467,0.23056176645607776,0.21390493384247555,0.6480471855399865,0.2058026046386031,0.14615020982141042,0.6017902426207167,0.21818218554734042,0.18002757183194298,1.9997220139121743,0.8254954275428434,3,1,H,H,H,H,0.125,0.215,0.665,1.005,0.6616915422885573,0.2139303482587065,0.12437810945273634,H,6.997777777777777,28930750.003222667,361,1781636400,17,-0.059901299667840635,0.004251837288633931,0.05564946237920665,-0.059901299667840635,A,0.05564946237920665
50,2026-06-16,Group,Group I,Iraq,Norway,none,1736.6,1983.4,0.14758368081292672,0.23875395268681882,0.6136623665002545,0.15079656566495145,0.20554175422819,0.6436616801068586,0.1491901232389391,0.2221478534575044,0.6286620233035566,0.8553008473672714,2.0141052977700205,1,4,A,A,A,A,0.815,0.125,0.055,0.9949999999999999,0.05527638190954774,0.1256281407035176,0.8190954773869347,A,9.997777777777777,14558232.270338055,342,1781647200,18,0.09391374132939136,0.0965197127539868,-0.19043345408337808,-0.19043345408337808,D,0.0965197127539868
55,2026-06-16,Group,Group J,Argentina,Algeria,none,2189.4,1883.2,0.6590125786758326,0.23806729023488446,0.10292013108928305,0.745561600977581,0.162684197139186,0.09175420188323317,0.7022870898267068,0.20037574368703523,0.09733716648625812,2.357810024284703,0.6943591007956738,3,0,H,H,H,H,0.125,0.225,0.645,0.995,0.6482412060301508,0.22613065326633167,0.12562814070351758,H,0.9971296296296296,24508769.30201134,360,1781658000,19,0.05404588379655606,-0.025754909579296437,-0.028290974217259457,0.05404588379655606,H,0.05404588379655606
56,2026-06-16,Group,Group J,Austria,Jordan,none,1884.8,1773.9,0.6246249820305384,0.19476721665108948,0.180607801318372,0.52262230749811,0.24524842233963173,0.2321292701622582,0.5736236447643241,0.2200078194953606,0.2063685357403151,1.6481923309932422,1.011326521118044,3,1,H,H,H,H,0.105,0.185,0.715,1.005,0.7114427860696518,0.18407960199004977,0.10447761194029852,H,3.997407407407407,12143095.787920954,356,1781668800,20,-0.13781914130532769,0.03592821750531083,0.10189092380001659,-0.13781914130532769,A,0.10189092380001659
61,2026-06-17,Group,Group K,Portugal,DR Congo,none,2059.5,1762.5,0.6757060579065232,0.21183405776449538,0.11245988432898157,0.7361759972809248,0.16727791984983806,0.09654608286923735,0.7059410275937239,0.18955598880716673,0.10450298359910946,2.3183905762925496,0.7067631913427892,1,1,D,H,H,H,0.075,0.175,0.765,1.015,0.7536945812807883,0.1724137931034483,0.07389162561576355,H,4.997222222222223,23657186.03579322,348,1781715600,21,-0.047753553687064354,0.017142195703718444,0.03061135798334591,-0.047753553687064354,A,0.03061135798334591
62,2026-06-17,Group,Group K,Uzbekistan,Colombia,none,1818.6,2063.0,0.1555953409068135,0.2427181638218887,0.6016864952712978,0.15256655811068204,0.2066442123216688,0.6407892295676492,0.1540809495087478,0.22468118807177875,0.6212378624194734,0.8591165736346007,2.004711713463754,1,3,A,A,A,A,0.705,0.195,0.095,0.995,0.09547738693467336,0.19597989949748745,0.7085427135678392,A,1.9937037037037035,23171176.316426028,356,1781748000,22,0.058603562574074425,0.0287012885742913,-0.08730485114836573,-0.08730485114836573,H,0.058603562574074425
67,2026-06-17,Group,Group L,England,Croatia,none,2094.4,1973.7,0.45157325677111687,0.276464599091036,0.2719621441378471,0.5343642925217251,0.24238719947977427,0.22324850799850054,0.49296877464642097,0.25942589928540516,0.24760532606817381,1.677725310221885,0.9926387577709186,4,2,H,H,H,H,0.175,0.255,0.565,0.9949999999999999,0.5678391959798995,0.25628140703517593,0.17587939698492464,H,7.996296296296297,26438578.07181638,367,1781726400,23,-0.07487042133347854,0.003144492250229225,0.07172592908324918,-0.07487042133347854,A,0.07172592908324918
68,2026-06-17,Group,Group L,Ghana,Panama,none,1623.8,1847.8,0.18737556293683827,0.27393104189913914,0.5386933951640227,0.1679589782689826,0.21563655638166954,0.6164044653493479,0.17766727060291043,0.24478379914040432,0.5775489302566853,0.8918885667578583,1.927423861618669,1,0,H,A,A,A,0.295,0.295,0.415,1.005,0.4129353233830846,0.2935323383084577,0.2935323383084577,H,10.996851851851853,20404007.38979727,362,1781737200,24,-0.23526805278017415,-0.048748539168053384,0.2840165919482276,0.2840165919482276,A,0.2840165919482276
3,2026-06-18,Group,Group A,Czech Republic,South Africa,none,1781.9,1654.1,0.4906239300834293,0.27583511596051574,0.23354095395605504,0.5431226401707319,0.24013529899770758,0.21674206083156045,0.5168732851270805,0.2579852074791117,0.22514150739380773,1.700125686488343,0.9789080224654417,1,1,D,H,H,H,0.205,0.265,0.525,0.995,0.5276381909547739,0.2663316582914573,0.20603015075376882,H,3.998518518518518,33327516.79998552,353,1781798400,25,-0.010764905827693405,-0.008346450812345585,0.019111356640038907,-0.010764905827693405,A,0.019111356640038907
4,2026-06-18,Group,Group A,Mexico,South Korea,home,1983.1,1903.2,0.5715988426323132,0.2582211052294001,0.17018005213828666,0.5872466153771267,0.24039302479198676,0.17236035983088616,0.57942272900472,0.24930706501069344,0.17127020598458642,1.6757492906197655,0.7810224267788817,1,0,H,H,H,H,0.235,0.295,0.475,1.005,0.472636815920398,0.2935323383084577,0.2338308457711443,H,0.9926851851851852,27812230.6357736,360,1781830800,26,0.106785913084322,-0.04422527329776427,-0.06256063978655788,0.106785913084322,H,0.106785913084322
9,2026-06-18,Group,Group B,Switzerland,Bosnia and Herzegovina,none,1927.0,1675.0,0.6867635055141765,0.18231774629349912,0.1309187481923243,0.6881779730021208,0.18930571893368797,0.12251630806419128,0.6874707392581487,0.18581173261359354,0.1267175281282578,2.1347940491756376,0.770731812151091,4,1,H,H,H,H,0.145,0.235,0.625,1.005,0.6218905472636816,0.2338308457711443,0.14427860696517414,H,6.997962962962963,11807799.460735071,359,1781809200,27,0.06558019199446707,-0.04801911315755075,-0.01756107883691635,0.06558019199446707,H,0.06558019199446707
10,2026-06-18,Group,Group B,Canada,Qatar,home,1871.8,1588.7,0.7651231609095236,0.16376627664945448,0.07111056244102196,0.7949971651055402,0.1430352011273865,0.06196763376707333,0.7800601630075319,0.15340073888842048,0.06653909810404765,2.432117048495903,0.5281615056723832,6,0,H,H,H,H,0.075,0.165,0.765,1.0050000000000001,0.7611940298507462,0.16417910447761194,0.07462686567164178,H,9.997777777777777,20462735.36266301,373,1781820000,28,0.018866133156785647,-0.010778365589191458,-0.008087767567594134,0.018866133156785647,H,0.018866133156785647
15,2026-06-19,Group,Group C,Scotland,Morocco,none,1869.1,1991.8,0.2311823879626026,0.2849197778105364,0.4838978342268611,0.25725879484709285,0.2505413534127853,0.4921998517401218,0.24422059140484773,0.26773056561166086,0.4880488429834915,1.0738917854863406,1.5859101515829936,0,1,A,A,A,A,0.565,0.265,0.165,0.995,0.1658291457286432,0.2663316582914573,0.5678391959798994,A,9.998703703703704,21588116.501496114,373,1781906400,29,0.07839144567620451,0.0013989073202035907,-0.07979035299640791,-0.07979035299640791,H,0.07839144567620451
16,2026-06-19,Group,Group C,Brazil,Haiti,none,2061.4,1678.6,0.7158998795672161,0.19316467109238886,0.090935449340395,0.8172683166866919,0.12453574687303598,0.05819593644027208,0.766584098126954,0.1588502089827124,0.07456569289033355,2.7134118500126,0.5991210798491924,3,0,H,H,H,H,0.0435,0.0765,0.885,1.0050000000000001,0.880597014925373,0.07611940298507462,0.04328358208955223,H,0.49824074074074076,15224102.348375946,380,1781915400,30,-0.11401291679841896,0.08273080599763778,0.03128211080078132,-0.11401291679841896,D,0.08273080599763778
21,2026-06-19,Group,Group D,United States,Australia,home,1875.5,1953.5,0.35512037828443704,0.27724156997191907,0.3676380517436439,0.40767890535772716,0.28100136041927737,0.3113197342229954,0.3813996418210821,0.2791214651955982,0.3394788929833197,1.254458541026594,1.0585934021047843,2,0,H,A,H,H,0.175,0.215,0.605,0.9949999999999999,0.6080402010050252,0.21608040201005027,0.17587939698492464,H,6.998888888888889,21916436.52003016,371,1781895600,31,-0.2266405591839431,0.06304106318554795,0.16359949599839504,-0.2266405591839431,A,0.16359949599839504
22,2026-06-19,Group,Group D,Turkey,Paraguay,none,1919.3,1866.3,0.4101193126227611,0.317968728363035,0.2719119590142039,0.4525435133884276,0.2583597943084967,0.28909669230307566,0.4313314130055943,0.2881642613357659,0.2805043256586398,1.4820899391895148,1.130682519410169,0,1,A,H,H,H,0.245,0.285,0.465,0.995,0.46733668341708545,0.28643216080402006,0.24623115577889446,H,2.9979629629629634,32637786.584689453,381,1781924400,32,-0.03600527041149115,0.0017321005317458282,0.03427316987974535,-0.03600527041149115,A,0.03427316987974535
27,2026-06-20,Group,Group E,Germany,Ivory Coast,none,2011.8,1860.3,0.5440026856921495,0.24524417353225128,0.21075314077559917,0.5715902156978028,0.23213879352136663,0.19627099078083057,0.5577964506949762,0.23869148352680897,0.20351206577821487,1.7753282995227198,0.9354069125676533,2,1,H,H,H,H,0.155,0.205,0.655,1.015,0.6453201970443351,0.2019704433497537,0.15270935960591134,H,7.998518518518519,42519372.43554525,388,1781985600,33,-0.08752374634935889,0.03672104017705527,0.050802706172303536,-0.08752374634935889,A,0.050802706172303536
28,2026-06-20,Group,Group E,Ecuador,Curaçao,none,1979.9,1590.0,0.8665332171847773,0.09364840881794659,0.03981837399727623,0.8233173520417324,0.12107045220085885,0.05561219575740896,0.8449252846132549,0.10735943050940272,0.0477152848773426,2.7491860233240946,0.590936240581313,0,0,D,H,H,H,0.0395,0.095,0.865,0.9994999999999999,0.8654327163581791,0.09504752376188094,0.03951975987993997,H,11.998703703703704,18216287.616692066,391,1782000000,34,-0.0205074317449242,0.012311906747521778,0.008195524997402628,-0.0205074317449242,D,0.012311906747521778
33,2026-06-20,Group,Group F,Netherlands,Sweden,none,2007.6,1825.0,0.5995173466231754,0.26037379286898,0.14010886050784466,0.6087470294525346,0.22019911816197377,0.17105385238549164,0.604132188037855,0.2402864555154769,0.15558135644666815,1.8797898861775135,0.880893515512992,5,1,H,H,H,H,0.205,0.235,0.565,1.005,0.5621890547263682,0.2338308457711443,0.20398009950248758,H,4.998333333333333,22367686.54266512,367,1781974800,35,0.0419431333114868,0.006455609744332597,-0.048398743055819426,0.0419431333114868,H,0.0419431333114868
34,2026-06-20,Group,Group F,Tunisia,Japan,none,1686.5,1994.1,0.11445908225543511,0.2102787541910454,0.6752621635535195,0.11066367140933522,0.17618644409516354,0.7131498844955013,0.11256137683238517,0.19323259914310448,0.6942060240245105,0.7651178220104548,2.2641334692545567,0,4,A,A,A,A,0.675,0.215,0.115,1.0050000000000001,0.1144278606965174,0.21393034825870644,0.6716417910447761,A,3.997037037037037,22166891.279387165,381,1782014400,36,-0.00186648386413224,-0.02069774911560196,0.022564232979734422,0.022564232979734422,A,0.022564232979734422
39,2026-06-21,Group,Group G,Belgium,Iran,none,1933.1,1880.1,0.4100104082801036,0.30327772347165277,0.2867118682482436,0.4525228267752993,0.258362609238749,0.2891145639859516,0.43126661752770146,0.2808201663552009,0.2879132161170976,1.4820431237028198,1.1307200289954986,0,0,D,H,H,H,0.125,0.205,0.675,1.005,0.6716417910447763,0.20398009950248758,0.12437810945273634,H,6.998888888888889,27016664.389641043,385,1782068400,37,-0.24037517351707482,0.07684006685271333,0.16353510666436125,-0.24037517351707482,A,0.16353510666436125
40,2026-06-21,Group,Group G,New Zealand,Egypt,none,1731.5,1820.4,0.239077330483877,0.2754853705759378,0.4854372989401851,0.291466941179385,0.25768552032195907,0.45084753849865594,0.265272135831631,0.26658544544894847,0.4681424187194205,1.1425278118268367,1.4860095155137436,1,3,A,A,A,A,0.615,0.235,0.155,1.005,0.15422885572139305,0.2338308457711443,0.6119402985074628,A,0.9974999999999999,25520309.2234752,384,1782090000,38,0.11104328011023795,0.03275459967780417,-0.14379787978804226,-0.14379787978804226,H,0.11104328011023795
45,2026-06-21,Group,Group H,Spain,Saudi Arabia,none,2197.8,1711.3,0.8280628407200278,0.1303186447421337,0.04161851453783859,0.8935133018646302,0.07795756474398532,0.028529133391384527,0.860788071292329,0.10413810474305951,0.03507382396461156,3.281389826064064,0.4907143652399912,4,0,H,H,H,H,0.0385,0.075,0.895,1.0085,0.887456618740704,0.07436787307882994,0.03817550818046604,H,3.9986111111111113,14380119.569741039,393,1782057600,39,-0.02666854744837499,0.02977023166422957,-0.0031016842158544805,-0.02666854744837499,D,0.02977023166422957
46,2026-06-21,Group,Group H,Uruguay,Cape Verde,none,1954.1,1680.2,0.7180489572978075,0.17472661631359776,0.10722442638859477,0.7119496250760748,0.17870419847810567,0.10934617644581934,0.7149992911869412,0.17671540739585173,0.10828530141720705,2.2222653421192926,0.7389037126891279,2,2,D,H,H,H,0.105,0.225,0.675,1.0050000000000001,0.6716417910447761,0.22388059701492535,0.10447761194029849,H,9.99824074074074,23415028.615583166,387,1782079200,40,0.043357500142165106,-0.04716518961907362,0.0038076894769085573,0.043357500142165106,H,0.043357500142165106
51,2026-06-22,Group,Group I,France,Iraq,none,2149.1,1716.2,0.7686297799992037,0.1732234000685533,0.05814681993224302,0.8572213194696947,0.10092422617159873,0.04185445435870642,0.8129255497344492,0.13707381312007602,0.050000637145474716,2.9743322903854854,0.544050379899009,3,0,H,H,H,H,0.0245,0.075,0.905,1.0045,0.9009457441513191,0.0746640119462419,0.024390243902439025,H,8.9975,16405015.459799027,377,1782162000,41,-0.08802019441686992,0.062409801173834115,0.02561039324303569,-0.08802019441686992,D,0.062409801173834115
52,2026-06-22,Group,Group I,Norway,Senegal,none,2003.9,1892.5,0.4616300559666708,0.2984211147733383,0.239948829259991,0.5232031164846851,0.24511119072196827,0.2316856927933467,0.49241658622567797,0.2717661527476533,0.23581726102666883,1.6496402024459282,1.0103943510837212,3,2,H,H,H,H,0.285,0.275,0.445,1.005,0.44278606965174133,0.27363184079601993,0.2835820895522388,H,11.99824074074074,37720243.81072193,414,1782172800,42,0.049630516573936634,-0.0018656880483666205,-0.04776482852556996,0.049630516573936634,H,0.049630516573936634
57,2026-06-22,Group,Group J,Argentina,Austria,none,2204.7,1915.9,0.6770409207830554,0.22077521308414136,0.10218386613280331,0.7277107988662541,0.17134133484926192,0.10094786628448393,0.7023758598246548,0.19605827396670164,0.10156586620864362,2.2839223000704765,0.7179691342644327,2,0,H,H,H,H,0.115,0.215,0.675,1.0050000000000001,0.6716417910447761,0.21393034825870644,0.1144278606965174,H,4.998333333333334,32121251.186320134,378,1782147600,43,0.03073406877987872,-0.017872074292004797,-0.012861994487873785,0.03073406877987872,H,0.03073406877987872
58,2026-06-22,Group,Group J,Jordan,Algeria,none,1742.8,1867.8,0.21000554828980111,0.26059026794725426,0.5294041837629447,0.25502013777189086,0.2499683844350731,0.4950114777930359,0.232512843030846,0.25527932619116367,0.5122078307779903,1.0694035182856232,1.59290106465119,1,2,A,A,A,A,0.635,0.225,0.145,1.005,0.14427860696517414,0.2238805970149254,0.6318407960199006,A,2.9965740740740743,22484702.661259145,400,1782183600,44,0.08823423606567185,0.03139872917623826,-0.11963296524191036,-0.11963296524191036,H,0.08823423606567185
63,2026-06-23,Group,Group K,Portugal,Uzbekistan,none,2038.7,1800.9,0.6106860158298262,0.25097799898547646,0.13833598518469734,0.6723607568747276,0.1960200860432219,0.13161915708205063,0.6415233863522769,0.22349904251434918,0.134977571133374,2.0798288564416154,0.7921371258169471,5,0,H,H,H,H,0.045,0.105,0.855,1.005,0.8507462686567165,0.10447761194029852,0.04477611940298508,H,4.997777777777777,17781389.39756215,400,1782234000,45,-0.20922288230443964,0.11902143057405067,0.09020145173038892,-0.20922288230443964,D,0.11902143057405067
64,2026-06-23,Group,Group K,Colombia,DR Congo,none,2080.7,1783.3,0.6802448629263056,0.19488459452137674,0.12487054255231764,0.7366188701363248,0.16706324816813406,0.09631788169554126,0.7084318665313152,0.1809739213447554,0.11059421212392945,2.32022153004871,0.706177477105967,1,0,H,H,H,H,0.135,0.235,0.625,0.995,0.628140703517588,0.23618090452261306,0.135678391959799,H,1.9978703703703704,15737474.529933147,422,1782266400,46,0.08029116301372718,-0.05520698317785766,-0.025084179835869552,0.08029116301372718,H,0.08029116301372718
69,2026-06-23,Group,Group L,England,Ghana,none,2124.3,1670.9,0.8043951207756014,0.14925538042930953,0.046349498795089185,0.8719518227905825,0.09178128102456816,0.03626689618484938,0.838173471783092,0.12051833072693885,0.04130819748996928,3.0886722881330892,0.522918922665437,0,0,D,H,H,H,0.055,0.125,0.825,1.005,0.8208955223880597,0.12437810945273634,0.05472636815920399,H,7.997314814814815,24886124.028849557,400,1782244800,47,0.017277949395032244,-0.003859778725797486,-0.01341817066923471,0.017277949395032244,H,0.017277949395032244
70,2026-06-23,Group,Group L,Panama,Croatia,none,1800.8,1943.8,0.2252910754662667,0.27820648149432015,0.49650244303941315,0.23774249476947745,0.2450785080340294,0.5171789971964933,0.23151678511787208,0.2616424947641748,0.5068407201179532,1.0347242296634145,1.6490146853411953,0,1,A,A,A,A,0.665,0.225,0.125,1.0150000000000001,0.1231527093596059,0.22167487684729062,0.6551724137931034,A,10.998333333333335,17741112.112140987,401,1782255600,48,0.10836407575826618,0.03996761791688416,-0.1483316936751502,-0.1483316936751502,H,0.10836407575826618
5,2026-06-24,Group,Group A,Czech Republic,Mexico,away,1771.3,1998.8,0.08760552028829457,0.22508338756693252,0.6873110921447728,0.08476788322925885,0.17129616065498865,0.7439359561157524,0.08618670175877671,0.1981897741109606,0.7156235241302626,0.5878500967562027,2.196379536938191,0,3,A,A,A,A,0.545,0.235,0.215,0.995,0.21608040201005024,0.23618090452261306,0.5477386934673367,A,0.9984259259259259,17601136.074549463,413,1782349200,49,-0.12989370025127353,-0.037991130411652474,0.16788483066292592,0.16788483066292592,A,0.16788483066292592
6,2026-06-24,Group,Group A,South Africa,South Korea,none,1664.6,1887.4,0.18498337367993428,0.26816739350390356,0.5468492328161622,0.16886809013680168,0.21613557548281231,0.614996334380386,0.17692573190836797,0.24215148449335794,0.5809227835982741,0.893803366959691,1.9230876758634947,1,0,H,A,A,A,0.575,0.255,0.165,0.995,0.1658291457286432,0.2562814070351759,0.5778894472361809,A,0.9962962962962963,24555832.42418729,402,1782349200,50,0.011096586179724754,-0.01412992254181794,0.003033336362093242,0.003033336362093242,H,0.011096586179724754
11,2026-06-24,Group,Group B,Switzerland,Canada,away,1946.9,1884.5,0.2741668561542844,0.3111395131412775,0.41469363070443804,0.2958030225487899,0.27925079168770256,0.4249461857635076,0.2849849393515371,0.29519515241449,0.41981990823397286,1.027483802168251,1.2905988697222681,2,1,H,A,A,A,0.285,0.315,0.405,1.005,0.4029850746268657,0.31343283582089554,0.2835820895522388,H,6.993518518518518,15421582.762806084,393,1782327600,51,-0.1180001352753286,-0.018237683406405525,0.13623781868173407,0.13623781868173407,A,0.13623781868173407
12,2026-06-24,Group,Group B,Bosnia and Herzegovina,Qatar,none,1655.0,1576.0,0.45815603919032477,0.2925529187316612,0.2492910420780141,0.48393786596098065,0.2533519981986233,0.26271013584039593,0.4710469525756527,0.27295245846514227,0.256000588959205,1.5545382768775964,1.0754080978527936,3,1,H,H,H,H,0.115,0.175,0.705,0.9949999999999999,0.7085427135678393,0.17587939698492464,0.1155778894472362,H,6.994722222222222,10301516.458658952,390,1782327600,52,-0.23749576099218656,0.09707306148021763,0.14042269951196884,-0.23749576099218656,A,0.14042269951196884
17,2026-06-24,Group,Group C,Scotland,Brazil,none,1849.3,2071.9,0.20597111871182125,0.2612617320744699,0.5327671492137088,0.16903871223878564,0.2162288462557475,0.6147324415054669,0.18750491547530346,0.2387452891651087,0.5737497953595878,0.8941625020277654,1.9222765119802068,0,3,A,A,A,A,0.745,0.165,0.095,1.005,0.09452736318407962,0.16417910447761197,0.7412935323383085,A,9.993888888888888,11869748.775417952,390,1782338400,53,0.09297755229122384,0.07456618468749673,-0.16754373697872071,-0.16754373697872071,H,0.09297755229122384
18,2026-06-24,Group,Group C,Morocco,Haiti,none,2011.6,1668.2,0.7635369528707381,0.16187694933804408,0.07458609779121778,0.7819359483233871,0.1440065541891984,0.0740574974874145,0.7727364505970626,0.15294175176362124,0.07432179763931614,2.5244733925367715,0.6462983910230519,4,2,H,H,H,H,0.055,0.125,0.825,1.005,0.8208955223880597,0.12437810945273634,0.05472636815920399,H,9.994444444444445,27421053.197423164,428,1782338400,54,-0.0481590717909971,0.0285636423108849,0.01959542948011215,-0.0481590717909971,D,0.0285636423108849
23,2026-06-25,Group,Group D,Turkey,United States,away,1884.7,1917.7,0.22622956147037515,0.2724595792488097,0.5013108592808151,0.20900496072045316,0.25732147576570896,0.5336735635138379,0.21761726109541416,0.26489052750725933,0.5174922113973265,0.8550093491087698,1.5373779178650973,3,2,H,A,A,A,0.545,0.215,0.245,1.005,0.2437810945273632,0.2139303482587065,0.5422885572139304,A,1.997962962962963,47095247.46766452,412,1782439200,55,-0.026163833431949057,0.05096017924855284,-0.02479634581660395,-0.02479634581660395,D,0.05096017924855284
24,2026-06-25,Group,Group D,Paraguay,Australia,none,1900.8,1911.3,0.3223945294253545,0.288006195568403,0.38959927500624236,0.3776909062809625,0.2640279194238163,0.3582811742952211,0.35004271785315855,0.27601705749610966,0.37394022465073173,1.3191736698178738,1.2777681855771503,0,0,D,A,H,A,0.215,0.425,0.365,1.0050000000000001,0.36318407960199,0.42288557213930345,0.21393034825870644,D,1.9976851851851851,12439829.05483098,408,1782439200,56,-0.01314136174883146,-0.14686851464319378,0.1600098763920253,0.1600098763920253,A,0.1600098763920253
29,2026-06-25,Group,Group E,Curaçao,Ivory Coast,none,1614.2,1842.6,0.14144780577748778,0.15632141245953918,0.702230781762973,0.16454465362902515,0.21373125594766276,0.6217240904233121,0.15299622970325646,0.18502633420360098,0.6619774360931425,0.8846779120727782,1.943925531565407,0,2,A,A,A,A,0.8305,0.1165,0.0545,1.0015,0.05441837244133799,0.1163255117324014,0.8292561158262606,A,7.998148148148148,6493163.9849349875,395,1782417600,57,0.09857785726191848,0.06870082247119959,-0.16727867973311805,-0.16727867973311805,H,0.09857785726191848
30,2026-06-25,Group,Group E,Ecuador,Germany,none,1955.7,2029.5,0.29144180899819633,0.28968895020480495,0.4188692407969986,0.30740263617664354,0.26004567731425743,0.43255168650909903,0.2994222225874199,0.2748673137595312,0.4257104636530488,1.1746475209376717,1.443365571313302,2,1,H,A,A,A,0.6395,0.1885,0.1715,0.9994999999999999,0.17158579289644824,0.18859429714857429,0.6398199099549775,A,7.997407407407407,40096760.316451564,411,1782417600,58,0.12783642969097167,0.08627301661095693,-0.21410944630192869,-0.21410944630192869,H,0.12783642969097167
35,2026-06-25,Group,Group F,Japan,Sweden,none,2010.5,1795.9,0.6679946911491464,0.2001256726732794,0.13187963617757414,0.6460144513225043,0.2065905306361907,0.14739501804130484,0.6570045712358255,0.20335810165473506,0.1396373271094395,1.9932447127673774,0.8283128765562027,1,1,D,H,H,H,0.2125,0.2795,0.5105,1.0025,0.5092269326683292,0.2788029925187033,0.2119700748129676,H,10.997777777777777,39731188.12109485,396,1782428400,59,0.14777763856749626,-0.07544489086396822,-0.0723327477035281,0.14777763856749626,H,0.14777763856749626
36,2026-06-25,Group,Group F,Tunisia,Netherlands,none,1670.1,2036.8,0.1186594768954136,0.19059283414311481,0.6907476889614717,0.07919626797587306,0.14592138131845603,0.7748823507056709,0.09892787243564333,0.16825710773078542,0.7328150198335712,0.6866194430312405,2.536730430937899,1,3,A,A,A,A,0.895,0.085,0.0295,1.0095,0.029222387320455668,0.08420009905894008,0.8865775136206042,A,10.998518518518518,10163712.475447007,428,1782428400,60,0.06970548511518766,0.08405700867184535,-0.153762493787033,-0.153762493787033,D,0.08405700867184535
41,2026-06-26,Group,Group G,Egypt,Iran,none,1854.2,1884.7,0.3251250057917269,0.2826610245609331,0.39221396964734,0.3549191595397062,0.2638126718850435,0.3812681685752502,0.34002208266571654,0.2732368482229883,0.38674106911129513,1.2716867060150137,1.32792397062773,1,1,D,A,A,A,0.275,0.365,0.365,1.005,0.36318407960199006,0.36318407960199006,0.27363184079601993,H,2.9983333333333335,17615955.707566,452,1782529200,61,-0.02316199693627352,-0.08994723137900174,0.1131092283152752,0.1131092283152752,A,0.1131092283152752
42,2026-06-26,Group,Group G,New Zealand,Belgium,none,1697.8,1928.6,0.13768036041351017,0.22263925075882668,0.6396803888276632,0.16273518806862786,0.2127013132814662,0.6245634986499062,0.15020777424106901,0.21767028202014643,0.6321219437387847,0.8808437314267601,1.9528129012988167,1,5,A,A,A,A,0.825,0.115,0.065,1.005,0.0646766169154229,0.11442786069651743,0.8208955223880597,A,2.9980555555555557,7246308.950205011,434,1782529200,62,0.08553115732564612,0.103242421323629,-0.18877357864927502,-0.18877357864927502,D,0.103242421323629
47,2026-06-26,Group,Group H,Cape Verde,Saudi Arabia,none,1699.9,1704.9,0.34471984302637265,0.2864585727481347,0.3688215842254926,0.38408939474562365,0.2639160802333045,0.35199452502107176,0.3644046188859982,0.2751873264907196,0.3604080546232822,1.332662578070287,1.2641891007928698,0,0,D,A,H,H,0.355,0.285,0.365,1.005,0.36318407960199006,0.2835820895522388,0.35323383084577115,H,11.998333333333333,14414519.027428087,425,1782518400,63,0.0012205392840081153,-0.008394763061519206,0.007174223777511035,0.0012205392840081153,A,0.007174223777511035
48,2026-06-26,Group,Group H,Uruguay,Spain,none,1934.3,2204.2,0.13523023788900057,0.22180634747976258,0.6429634146312369,0.13464096848318324,0.1947747501873082,0.6705842813295086,0.1349356031860919,0.20829054883353537,0.6567738479803727,0.8199290302494785,2.1054534048554783,0,1,A,A,A,A,0.605,0.255,0.145,1.005,0.14427860696517414,0.2537313432835821,0.6019900497512438,A,11.998611111111112,28519284.640367024,437,1782518400,64,-0.009343003779082232,-0.04544079445004673,0.05478379822912893,0.05478379822912893,A,0.05478379822912893
53,2026-06-26,Group,Group I,Norway,France,none,2024.6,2157.1,0.2206027156799313,0.2839239085975839,0.49547337572248495,0.24772479538217565,0.2480060398967428,0.5042691647210815,0.23416375553105348,0.26596497424716337,0.49987127022178324,1.0547712014052513,1.6161159591659482,1,4,A,A,A,A,0.595,0.205,0.205,1.005,0.20398009950248758,0.20398009950248758,0.592039800995025,A,6.997777777777777,28766023.889739297,416,1782500400,65,0.030183656028565903,0.06198487474467579,-0.09216853077324172,-0.09216853077324172,D,0.06198487474467579
54,2026-06-26,Group,Group I,Senegal,Iraq,none,1871.8,1708.2,0.58642874871253,0.2306403079267399,0.18293094336073007,0.5861757387370239,0.22765078047788717,0.18617348078508913,0.5863022437247769,0.22914554420231353,0.18455221207290962,1.815414947765224,0.9137271523850657,5,0,H,H,H,H,0.075,0.135,0.795,1.0050000000000001,0.7910447761194029,0.13432835820895522,0.07462686567164178,H,6.997592592592592,5879645.189385996,424,1782500400,66,-0.20474253239462603,0.09481718599335831,0.10992534640126783,-0.20474253239462603,A,0.10992534640126783
59,2026-06-27,Group,Group J,Algeria,Austria,none,1887.4,1901.6,0.3359093704568236,0.2878589542495367,0.3762316752936397,0.3735541688867586,0.2640606597315484,0.36238517138169296,0.3547317696717911,0.27595980699054257,0.36930842333766634,1.3104886737675714,1.2866629213292202,3,3,D,A,H,A,0.255,0.465,0.275,0.995,0.2763819095477387,0.46733668341708545,0.2562814070351759,D,1.9977777777777777,21974743.698557016,413,1782612000,67,0.07834986012405237,-0.19137687642654289,0.11302701630249046,0.11302701630249046,A,0.11302701630249046
60,2026-06-27,Group,Group J,Jordan,Argentina,none,1723.1,2219.1,0.05086070783400285,0.07883292787093302,0.8703063642950641,0.033322618400771206,0.08339399777726592,0.8832833838219629,0.04209166311738703,0.08111346282409947,0.8767948740585135,0.5416883071066816,3.253943522654321,1,3,A,A,A,A,0.865,0.095,0.0425,1.0025,0.04239401496259352,0.09476309226932669,0.8628428927680798,A,1.9978703703703704,11635225.923022995,429,1782612000,68,-0.00030235184520648745,-0.013649629445227227,0.013951981290433735,0.013951981290433735,A,0.013951981290433735
65,2026-06-27,Group,Group K,Colombia,Portugal,none,2089.9,2063.0,0.3723494757507242,0.2826014785406179,0.34504904570865796,0.4213954751210133,0.2618424319864278,0.31676209289255913,0.39687247543586873,0.2722219552635229,0.33090556930060855,1.4128214248166058,1.1889716877076846,0,0,D,H,H,H,0.495,0.245,0.265,1.005,0.263681592039801,0.2437810945273632,0.49253731343283585,A,11.497222222222222,28750272.532980036,409,1782603000,69,0.13319088339606772,0.028440860736159673,-0.1616317441322273,0.13319088339606772,H,0.13319088339606772
66,2026-06-27,Group,Group K,DR Congo,Uzbekistan,none,1774.1,1776.6,0.35631038947055677,0.2564639794186459,0.38722563111079733,0.38702315962472283,0.26384023573966736,0.3491366046356099,0.3716667745476398,0.26015210757915663,0.3681811178732036,1.338870676844012,1.2580337338896217,3,1,H,A,H,H,0.165,0.225,0.615,1.005,0.6119402985074628,0.2238805970149254,0.16417910447761197,H,11.497592592592591,14534661.279513974,415,1782603000,70,-0.240273523959823,0.036271510564231224,0.20400201339559165,-0.240273523959823,A,0.20400201339559165
71,2026-06-27,Group,Group L,Panama,England,none,1782.5,2098.4,0.13224463143373888,0.20011604547832054,0.6676393230879405,0.10577254606777911,0.17196098736697296,0.722266466565248,0.119008588750759,0.18603851642264674,0.6949528948265942,0.7534961516649014,2.3008219192680577,0,2,A,A,A,A,0.845,0.105,0.045,0.995,0.04522613065326633,0.10552763819095477,0.8492462311557789,A,8.997222222222222,11750330.906710077,425,1782594000,71,0.07378245809749266,0.08051087823169197,-0.15429333632918474,-0.15429333632918474,D,0.08051087823169197
72,2026-06-27,Group,Group L,Croatia,Ghana,none,1962.1,1696.8,0.6863344253779408,0.1960002052736349,0.11766536934842423,0.7027053399643515,0.18289922279112655,0.11439543724452189,0.6945198826711461,0.18944971403238073,0.11603040329647306,2.187506636198722,0.7512389333433563,2,1,H,H,H,H,0.185,0.305,0.525,1.0150000000000001,0.5172413793103448,0.3004926108374384,0.18226600985221672,H,8.998518518518518,25254213.642525233,407,1782594000,72,0.1772785033608013,-0.11104289680505766,-0.06623560655574366,0.1772785033608013,H,0.1772785033608013
73,2026-06-28,Knockout,Round of 32,South Africa,Canada,none,1711.6,1851.2,0.231786884683547,0.27824436036317834,0.4899687549532746,0.24090599422294648,0.24603720365012344,0.5130568021269301,0.23634643945324674,0.2621407820066509,0.5015127785401023,1.0410815048717132,1.6384412371212527,0,1,A,A,A,A,0.595,0.255,0.155,1.005,0.15422885572139305,0.2537313432835821,0.592039800995025,A,6.994074074074074,44070468.263728626,21,1782673200,73,0.08211758373185368,0.008409438723068818,-0.09052702245492261,-0.09052702245492261,H,0.08211758373185368
74,2026-06-29,Knockout,Round of 32,Germany,Paraguay,none,1993.2,1901.7,0.4464056240372544,0.29712004838044476,0.25647432758230077,0.4990127468106851,0.25044053586564025,0.2505467173236745,0.4727091854239698,0.2737802921230425,0.25351052245298766,1.5904101177635255,1.0499490208114437,1,1,D,H,H,H,0.095,0.185,0.725,1.005,0.7213930348258707,0.18407960199004977,0.09452736318407962,H,8.496481481481482,41402776.98584342,15,1782765000,74,-0.2486838494019009,0.08970069013299273,0.15898315926890805,-0.2486838494019009,A,0.15898315926890805
75,2026-06-29,Knockout,Round of 32,Netherlands,Morocco,none,2046.5,2022.6,0.3797792203708739,0.28824041978150516,0.3319803598476209,0.4178864074016285,0.26213751664616575,0.31997607595220556,0.39883281388625125,0.2751889682138354,0.3259782178999132,1.4051608741017727,1.195779966300102,1,1,D,H,H,H,0.285,0.315,0.405,1.005,0.4029850746268657,0.31343283582089554,0.2835820895522388,H,0.9983333333333334,27852194.733982123,24,1782781200,75,-0.004152260740614477,-0.03824386760706011,0.04239612834767442,-0.004152260740614477,A,0.04239612834767442
76,2026-06-29,Knockout,Round of 32,Brazil,Japan,none,2094.7,1994.0,0.4798856281425125,0.27419091329742384,0.24592345856006367,0.510249721112734,0.24806409016001887,0.24168618872724695,0.49506767462762324,0.26112750172872135,0.2438048236436553,1.6176563076884136,1.0313848462885482,2,1,H,H,H,H,0.175,0.255,0.565,0.9949999999999999,0.5678391959798995,0.25628140703517593,0.17587939698492464,H,4.997407407407407,34011818.39630146,21,1782752400,76,-0.07277152135227627,0.004846094693545411,0.06792542665873066,-0.07277152135227627,A,0.06792542665873066
77,2026-06-30,Knockout,Round of 32,France,Sweden,none,2190.5,1812.4,0.718715095244806,0.19655098738625734,0.08473391736893654,0.8132293440576099,0.12682799681805562,0.05994265912433444,0.765972219651208,0.1616894921021565,0.07233828824663549,2.690145688797401,0.6045639764502113,3,0,H,H,H,H,0.075,0.155,0.765,0.995,0.7688442211055276,0.15577889447236182,0.07537688442211055,H,8.9975,26813510.327439062,21,1782853200,77,-0.0028720014543196504,0.005910597629794678,-0.0030385961754750557,-0.0028720014543196504,D,0.005910597629794678
78,2026-06-30,Knockout,Round of 32,Ivory Coast,Norway,none,1861.7,1991.2,0.22313858968405326,0.27569246530114094,0.5011689450148058,0.25065111679055063,0.24881082816024871,0.5005380550492003,0.23689485323730194,0.26225164673069484,0.5008535000320031,1.0606418972884049,1.6067229355443502,1,2,A,A,A,A,0.455,0.285,0.265,1.0050000000000001,0.26368159203980096,0.28358208955223874,0.45273631840796014,A,4.997685185185186,26547988.49836847,21,1782838800,78,-0.026786738802499016,-0.021330442821543893,0.04811718162404299,0.04811718162404299,A,0.04811718162404299
79,2026-06-30,Knockout,Round of 32,Mexico,Ecuador,home,2012.7,1991.9,0.47563292823776293,0.2996728634334171,0.22469420832881992,0.5196583130531998,0.2611228767714118,0.21921881017538844,0.49764562064548135,0.28039787010241446,0.2219565092521042,1.5033050288061132,0.8753727590627974,2,0,H,H,H,H,0.235,0.335,0.435,1.005,0.4328358208955224,0.33333333333333337,0.2338308457711443,H,0.996851851851852,28158412.332317762,18,1782867600,79,0.06480979974995893,-0.05293546323091891,-0.011874336519040102,0.06480979974995893,H,0.06480979974995893
80,2026-07-01,Knockout,Round of 32,England,DR Congo,none,2111.0,1819.4,0.6748267569837403,0.21762868870378047,0.10754455431247936,0.7305672178844334,0.1699786936658913,0.09945408844967546,0.7026969874340868,0.19380369118483587,0.10349932138107741,2.2954422840481774,0.7141855012047809,2,1,H,H,H,H,0.055,0.185,0.765,1.005,0.7611940298507464,0.18407960199004977,0.05472636815920399,H,3.9977777777777774,25443002.214924395,21,1782921600,80,-0.05849704241665954,0.009724089194786095,0.04877295322187342,-0.05849704241665954,A,0.04877295322187342
81,2026-07-01,Knockout,Round of 32,United States,Bosnia and Herzegovina,home,1876.7,1690.0,0.7012101512220958,0.1937486155164689,0.10504123326143536,0.7032699988966831,0.1918462085618241,0.10488379254149266,0.7022400750593895,0.19279741203914652,0.10496251290146401,2.0382242871145677,0.6358450778486701,2,0,H,H,H,H,0.105,0.195,0.705,1.005,0.7014925373134329,0.1940298507462687,0.10447761194029852,H,11.997314814814814,18782283.468634047,33,1782950400,81,0.0007475377459565946,-0.0012324387071221687,0.00048490096116549086,0.0007475377459565946,H,0.0007475377459565946
82,2026-07-01,Knockout,Round of 32,Belgium,Senegal,none,1952.1,1905.4,0.4367519724003208,0.27907613926106567,0.28417188833861357,0.444990044986014,0.2593440314099105,0.2956659236040754,0.4408710086931674,0.26921008533548807,0.2899189059713445,1.4650708554019993,1.14448054402983,2,2,D,H,H,H,0.255,0.295,0.455,1.005,0.45273631840796025,0.2935323383084577,0.2537313432835821,H,7.998888888888889,59707385.45826957,21,1782936000,82,-0.011865309714792827,-0.024322252972969638,0.03618756268776241,-0.011865309714792827,A,0.03618756268776241
83,2026-07-02,Knockout,Round of 32,Portugal,Croatia,none,2065.3,1972.8,0.4371876046677313,0.29769675011704383,0.26511564521522485,0.5003316104310753,0.2501706485658472,0.24949774100307753,0.4687596075494033,0.2739336993414455,0.2573066931091512,1.59358487109141,1.0477524064979225,2,1,H,H,H,H,0.17625,0.2625,0.56875,1.0075,0.564516129032258,0.26054590570719605,0.1749379652605459,H,10.99611111111111,31789704.964418903,27,1783033200,83,-0.09575652148285468,0.013387793634249467,0.08236872784860533,-0.09575652148285468,A,0.08236872784860533
84,2026-07-02,Knockout,Round of 32,Spain,Austria,none,2214.7,1900.3,0.6777568681955067,0.22618943001809427,0.0960537017863991,0.7537414990914052,0.1586049411694204,0.08765355973917432,0.715749183643456,0.19239718559375735,0.09185363076278671,2.3932710242946458,0.683558362267498,3,0,H,H,H,H,0.07875,0.17875,0.74875,1.00625,0.7440993788819875,0.17763975155279502,0.07826086956521738,H,6.996851851851852,20129546.671918005,27,1783018800,84,-0.02835019523853155,0.01475743404096233,0.01359276119756933,-0.02835019523853155,D,0.01475743404096233
85,2026-07-02,Knockout,Round of 32,Switzerland,Algeria,none,1980.1,1888.7,0.45024457441558724,0.29658876829387903,0.2531666572905338,0.49905986269032554,0.25043093590172544,0.25050920140794897,0.47465221855295636,0.2735098520978022,0.2518379293492414,1.590523430912309,1.0498704646576529,2,0,H,H,H,H,0.21375,0.29875,0.48625,0.99875,0.48685857321652065,0.2991239048811014,0.21401752190237797,H,2.998333333333333,16103262.198013,30,1783047600,85,-0.01220635466356429,-0.0256140527832992,0.03782040744686341,-0.01220635466356429,A,0.03782040744686341
86,2026-07-03,Knockout,Round of 32,Argentina,Cape Verde,none,2224.0,1700.3,0.8295123315890448,0.12813736815602397,0.04235030025493118,0.9147902356307575,0.0637797529010572,0.02143001146818544,0.8721512836099011,0.09595856052854058,0.031890155861558314,3.513161093129795,0.4567731391418245,1,1,D,H,H,H,0.0385,0.105,0.855,0.9984999999999999,0.85628442663996,0.10515773660490736,0.0385578367551327,H,9.997222222222222,49039946.941177085,39,1783116000,86,0.015866856969941168,-0.009199176076366777,-0.006667680893574383,0.015866856969941168,H,0.015866856969941168
87,2026-07-03,Knockout,Round of 32,Colombia,Ghana,none,2087.6,1686.1,0.7374468456808885,0.1773867982934748,0.08516635602563671,0.8328593875498956,0.11552515740237979,0.05161545504772454,0.785153116615392,0.1464559778479273,0.06839090553668062,2.8080584659829704,0.5779318821015068,1,0,H,H,H,H,0.105,0.215,0.685,1.0050000000000001,0.681592039800995,0.21393034825870644,0.10447761194029849,H,1.4982407407407408,12980247.091016237,36,1783128600,87,0.10356107681439697,-0.06747437041077914,-0.03608670640361787,0.10356107681439697,H,0.10356107681439697
88,2026-07-03,Knockout,Round of 32,Australia,Egypt,none,1910.4,1856.8,0.41434503278618773,0.29929067613087307,0.2863642910829392,0.4533457399689267,0.25825012845097794,0.28840413158009537,0.4338453863775572,0.27877040229092553,0.28738421133151726,1.4839063276147422,1.1292290626815111,1,1,D,H,H,H,0.405,0.335,0.265,1.0050000000000001,0.26368159203980096,0.3333333333333333,0.40298507462686567,A,5.998333333333332,25369700.498193145,39,1783101600,88,0.17016379433775625,-0.05456293104240778,-0.11560086329534841,0.17016379433775625,H,0.17016379433775625
89,2026-07-04,Knockout,Round of 16,Paraguay,France,none,1909.5,2201.2,0.13751744911724537,0.23023149887169225,0.6322510520110625,0.12038305503812813,0.18412867492287874,0.695488270038993,0.12895025207768673,0.2071800868972855,0.6638696610250278,0.7877310627353402,2.195924189502381,0,1,A,A,A,A,0.835,0.125,0.045,1.005,0.04477611940298508,0.12437810945273634,0.8308457711442787,A,8.997407407407408,23394960.84754326,21,1783198800,89,0.08417413267470165,0.08280197744454917,-0.16697611011925095,-0.16697611011925095,H,0.08417413267470165
90,2026-07-04,Knockout,Round of 16,Canada,Morocco,none,1869.8,2024.7,0.18984337328455447,0.2609070932440426,0.549249533471403,0.22665889398528022,0.24148616937955616,0.5318549366351639,0.20825113363491735,0.25119663131179937,0.5405522350532834,1.0124089344172933,1.6872075544565452,0,3,A,A,A,A,0.555,0.285,0.165,1.005,0.16417910447761197,0.2835820895522388,0.5522388059701494,A,4.998240740740741,51042475.28099978,27,1783184400,90,0.044072029157305376,-0.032385458240439424,-0.01168657091686598,-0.01168657091686598,H,0.044072029157305376
91,2026-07-05,Knockout,Round of 16,Brazil,Norway,none,2116.2,2010.5,0.4599583904400654,0.2685593064805561,0.27148230307937854,0.5163667767201874,0.24669782482720173,0.2369353984526107,0.48816258358012643,0.2576285656538789,0.25420885076599464,1.6326810147406707,1.0214193866798347,1,2,A,H,H,H,0.205,0.265,0.545,1.0150000000000001,0.5369458128078818,0.2610837438423645,0.20197044334975367,H,7.997777777777777,31821706.008893136,27,1783281600,91,-0.048783229227755354,-0.0034551781884855637,0.05223840741624097,-0.048783229227755354,A,0.05223840741624097
92,2026-07-05,Knockout,Round of 16,Mexico,England,home,2042.6,2120.4,0.38125267708029703,0.2899793293511023,0.32876799356860065,0.40784668052422707,0.28098686482452656,0.31116645465124626,0.39454967880226205,0.28548309708781444,0.31996722410992345,1.2548065463652807,1.0582850777518673,2,3,A,H,H,H,0.395,0.305,0.295,0.995,0.2964824120603015,0.3065326633165829,0.3969849246231156,A,11.998611111111112,38152949.0554197,21,1783296000,92,0.09806726674196053,-0.021049566228768468,-0.07701770051319212,0.09806726674196053,H,0.09806726674196053
93,2026-07-06,Knockout,Round of 16,Portugal,Spain,none,2087.5,2229.5,0.21852264129272644,0.28063710052685537,0.5008402581804182,0.2387291889808712,0.24538064428618617,0.5158901667329427,0.2286259151367988,0.26300887240652077,0.5083652124566804,1.0367075417420024,1.645701765002744,0,1,A,A,A,A,0.515,0.265,0.225,1.005,0.2238805970149254,0.263681592039801,0.5124378109452737,A,6.998981481481482,32052597.94712224,21,1783364400,93,0.004745318121873399,-0.0006727196332802499,-0.004072598488593315,-0.004072598488593315,H,0.004745318121873399
94,2026-07-06,Knockout,Round of 16,United States,Belgium,home,1891.2,1948.1,0.40955098303704246,0.30151168512113874,0.2889373318418188,0.4312017542351797,0.2784901502326661,0.2903080955321543,0.42037636863611105,0.2900009176769024,0.28962271368698655,1.303860833229969,1.0165111184620703,1,4,A,H,H,H,0.345,0.275,0.385,1.005,0.3830845771144279,0.27363184079601993,0.34328358208955223,H,11.99888888888889,29800869.282150164,27,1783382400,94,0.03729179152168316,0.01636907688088246,-0.053660868402565676,0.03729179152168316,H,0.03729179152168316
95,2026-07-07,Knockout,Round of 16,Argentina,Egypt,none,2196.8,1861.4,0.6864134451774977,0.21780624324289952,0.09578031157960273,0.7743242431929191,0.14802977873836193,0.07764597806871891,0.7303688441852084,0.1829180109906307,0.08671314482416081,2.487564234668066,0.6563729584027596,3,2,H,H,H,H,0.085,0.195,0.725,1.005,0.7213930348258707,0.1940298507462687,0.08457711442786071,H,3.9979629629629634,41016741.554262355,21,1783440000,95,0.008975809359337727,-0.011111839755637981,0.002136030396300101,0.008975809359337727,H,0.008975809359337727
96,2026-07-07,Knockout,Round of 16,Switzerland,Colombia,none,2013.6,2093.0,0.25365051357761953,0.28779836955332017,0.4585511168690603,0.30144904531654104,0.25923218490614713,0.4393187697773116,0.27754977944708026,0.2735152772297337,0.44893494332318595,1.1626300390996682,1.4590378848831187,0,0,D,A,A,A,0.425,0.315,0.265,1.0050000000000001,0.26368159203980096,0.3134328358208955,0.42288557213930345,A,7.9975,43476381.552933,21,1783454400,96,0.013868187407279298,-0.039917558591161806,0.026049371183882508,0.026049371183882508,A,0.026049371183882508
97,2026-07-09,Knockout,Quarter-final,France,Morocco,none,2210.6,2055.2,0.5205070088890903,0.2542035973962587,0.22528939371465098,0.5763589768697219,0.23070011189046874,0.19294091123980925,0.5484329928794061,0.24245185464336372,0.20911515247723012,1.7883116671280301,0.928276118006449,2,0,H,H,H,H,0.135,0.245,0.615,0.995,0.6180904522613065,0.24623115577889446,0.135678391959799,H,7.997685185185186,35636336.605287015,27,1783627200,97,-0.06965745938190049,-0.003779301135530738,0.07343676051743112,-0.06965745938190049,A,0.07343676051743112
98,2026-07-10,Knockout,Quarter-final,Spain,Belgium,none,2247.8,2007.1,0.5714807062303932,0.23333379002115626,0.19518550374845062,0.6756764529889067,0.19463527686613263,0.12968827014496068,0.6235785796096499,0.21398453344364443,0.16243688694670566,2.091153637025265,0.7876325114170634,2,1,H,H,H,H,0.15875,0.24125,0.59875,0.99875,0.5994993742177722,0.24155193992490612,0.15894868585732164,H,6.998148148148148,38936474.003825076,21,1783710000,98,0.02407920539187769,-0.027567406481261686,0.0034882010893840243,0.02407920539187769,H,0.02407920539187769
99,2026-07-11,Knockout,Quarter-final,Norway,England,none,2049.3,2152.4,0.22292699473576402,0.29964560572147464,0.4774273995427614,0.27696683951722745,0.25501629927117875,0.4680168612115938,0.24994691712649575,0.27733095249632667,0.4727221303771776,1.1134049759339388,1.526856250243878,1,1,D,A,A,A,0.50125,0.25625,0.24625,1.00375,0.24533001245330013,0.25529265255292655,0.49937733499377335,A,8.997222222222222,48210536.53941831,33,1783803600,99,0.004616904673195615,0.02203829994340012,-0.026655204616595762,-0.026655204616595762,D,0.02203829994340012
100,2026-07-11,Knockout,Quarter-final,Argentina,Switzerland,none,2204.4,2020.3,0.5564668100200835,0.22557232575923986,0.21796086422067673,0.6104694014127506,0.21960565641500182,0.16992494217224774,0.583468105716417,0.22258899108712082,0.19394290319646224,1.8848276238096453,0.8784210474113061,1,1,D,H,H,H,0.15625,0.27375,0.57375,1.00375,0.5716064757160648,0.27272727272727276,0.15566625155666253,H,0.9942592592592593,34691548.15784676,24,1783818000,100,0.01186163000035223,-0.05013828164015194,0.03827665163979971,0.01186163000035223,A,0.03827665163979971
101,2026-07-14,Knockout,Semi-final,France,Spain,none,2236.7,2259.8,0.3284012676794992,0.28323080161918734,0.3883679307013136,0.3632876965723566,0.2640051597614943,0.3727071436661491,0.3458444821259279,0.2736179806903408,0.38053753718373134,1.2890492704512406,1.309146261062791,0,2,A,A,A,A,0.29875,0.29875,0.40625,1.0037500000000001,0.4047322540473225,0.2976338729763387,0.2976338729763387,H,6.9975,51996972.72917654,21,1784055600,101,-0.058887771921394605,-0.024015892285997875,0.08290366420739265,0.08290366420739265,A,0.08290366420739265
102,2026-07-15,Knockout,Semi-final,England,Argentina,none,2143.7,2189.8,0.3075026070966145,0.2727441974964467,0.41975319540693884,0.33749028417569027,0.262972582255834,0.39953713356847564,0.3224964456361524,0.2678583898761403,0.40964516448770727,1.2358178546330596,1.368430232875015,1,2,A,A,A,A,0.31625,0.33375,0.35375,1.00375,0.35242839352428396,0.33250311332503113,0.3150684931506849,H,6.993611111111111,38477776.565994345,21,1784142000,102,-0.029931947888131583,-0.06464472344889083,0.09457667133702236,0.09457667133702236,A,0.09457667133702236
103,2026-07-18,Knockout,Match for third place,France,England,none,2194.7,2117.7,0.4160719890074017,0.3045286575372602,0.27939935345533795,0.4815489272902277,0.2537837633824782,0.2646673093272941,0.4488104581488147,0.2791562104598692,0.272033331391316,1.5489215619206576,1.0795038935231267,4,6,A,H,H,H,0.245,0.245,0.515,1.005,0.5124378109452737,0.2437810945273632,0.2437810945273632,H,8.995555555555555,42310420.785182774,15,1784408400,103,-0.06362735279645904,0.035375115932506,0.028252236863952812,-0.06362735279645904,D,0.035375115932506
104,2026-07-19,Knockout,Final,Spain,Argentina,none,2301.8,2215.9,0.43329648846681174,0.2979399777272819,0.2687635338059064,0.4923724618142406,0.2517624889605273,0.2558650492252322,0.46283447514052617,0.2748512333439046,0.2623142915155693,1.5745160502163167,1.0610826920153533,0,0,D,H,H,H,0.26625,0.31625,0.42375,1.00625,0.42111801242236024,0.3142857142857142,0.2645962732919254,H,6.998148148148148,47086727.54671757,21,1784487600,104,0.041716462718165925,-0.039434480941809624,-0.0022819817763561345,0.041716462718165925,H,0.041716462718165925
